,SubjID,Total Task Time,Total HRV Time,Longest Consec. HRV Time,Null List
0,s01-Headarray - Command,135,130,130,[]
1,s01-Headarray - Low level autonomy,375,364,153,"[0, 126, 151, 152, 153, 217]"
2,s01-Headarray - Mid level autonomy,1080,1048,570,"[0, 32, 603, 604, 605, 606, 607, 663, 664, 670, 672, 676, 683, 694, 695, 696, 697, 698, 701, 702, 703, 704, 705, 1031, 1033, 1034, 1035]"
3,s01-Headarray - Teleoperation,240,234,233,[0]
4,s01-Headarray - Trajectory,195,190,190,[]
5,s01-Headarray - WST,855,848,785,"[63, 65]"
6,s01-Sip-n-puff - Command,240,234,233,[0]
7,s01-Sip-n-puff - Teleoperation,615,610,610,[]
8,s01-Sip-n-puff - Trajectory,285,280,280,[]
9,s01-Sip-n-puff - WST,1170,1113,781,"[89, 92, 131, 132, 133, 134, 135, 136, 137, 138, 139, 140, 141, 142, 143, 144, 145, 146, 147, 148, 149, 150, 168, 169, 170, 171, 172, 173, 174, 191, 192, 193, 194, 195, 196, 197, 198, 199, 200, 201, 202, 203, 204, 205, 206, 207, 208, 209, 210, 281, 383, 384]"
10,s03-Joystick - Command,135,129,128,[0]
11,s03-Joystick - Low level autonomy,375,129,51,"[0, 8, 9, 10, 11, 12, 18, 19, 35, 36, 37, 41, 42, 43, 44, 45, 46, 47, 48, 49, 50, 51, 52, 53, 54, 55, 56, 57, 58, 59, 60, 63, 64, 65, 66, 67, 68, 71, 72, 73, 74, 75, 76, 77, 78, 79, 80, 81, 82, 83, 84, 85, 86, 87, 88, 89, 90, 91, 92, 93, 94, 95, 96, 97, 98, 99, 100, 101, 102, 103, 104, 105, 106, 107, 108, 109, 110, 111, 112, 113, 114, 115, 116, 117, 118, 119, 120, 121, 122, 123, 124, 125, 126, 127, 128, 129, 130, 131, 132, 133, 134, 135, 136, 137, 138, 139, 140, 141, 142, 143, 144, 145, 146, 147, 148, 149, 150, 159, 160, 161, 162, 163, 166, 170, 171, 172, 182, 183, 184, 185, 186, 187, 188, 189, 190, 191, 192, 193, 194, 200, 201, 207, 208, 209, 210, 211, 212, 213, 214, 215, 216, 217, 218, 219, 220, 221, 222, 223, 224, 225, 226, 227, 228, 229, 230, 231, 232, 233, 234, 235, 236, 237, 238, 239, 240, 292, 296, 297, 298, 299, 300, 301, 302, 303, 304, 305, 306, 307, 308, 309, 310, 311, 312, 313, 314, 315, 316, 317, 318, 319, 320, 321, 322, 323, 324, 325, 326, 327, 328, 329, 330, 331, 332, 333, 334, 335, 336, 337, 338, 339, 340, 341, 342, 343, 344, 345, 346, 347, 348, 349, 350, 351, 352, 353, 354, 355, 356, 357, 358, 359, 360]"
12,s03-Joystick - Mid level autonomy,702,241,32,"[0, 28, 29, 30, 31, 32, 33, 40, 41, 42, 43, 44, 45, 46, 47, 48, 49, 50, 51, 52, 53, 54, 55, 56, 57, 58, 59, 63, 64, 65, 80, 81, 82, 97, 126, 132, 133, 134, 135, 136, 137, 138, 139, 140, 141, 142, 143, 144, 145, 146, 147, 148, 149, 150, 151, 152, 153, 154, 155, 156, 157, 158, 159, 160, 161, 162, 163, 164, 165, 176, 177, 178, 179, 180, 181, 182, 183, 184, 185, 186, 187, 188, 189, 190, 191, 192, 193, 194, 195, 196, 197, 198, 199, 200, 201, 202, 203, 204, 205, 206, 207, 208, 209, 210, 223, 224, 225, 226, 227, 228, 229, 230, 231, 232, 233, 234, 235, 236, 237, 238, 239, 240, 244, 245, 246, 247, 251, 252, 253, 254, 255, 256, 257, 258, 259, 260, 261, 262, 263, 264, 265, 266, 267, 268, 269, 270, 271, 272, 273, 274, 275, 276, 277, 278, 279, 280, 281, 282, 283, 284, 285, 286, 287, 288, 289, 290, 291, 292, 293, 294, 295, 296, 297, 298, 299, 300, 301, 302, 303, 304, 305, 306, 307, 308, 309, 310, 311, 312, 313, 314, 315, 340, 341, 342, 343, 344, 345, 346, 347, 348, 349, 350, 351, 352, 353, 354, 355, 356, 357, 358, 359, 360, 361, 362, 363, 364, 365, 366, 367, 368, 369, 370, 371, 372, 373, 374, 375, 376, 377, 378, 379, 380, 381, 382, 383, 384, 385, 386, 387, 388, 389, 390, 391, 392, 393, 394, 395, 396, 397, 398, 399, 400, 401, 402, 403, 404, 405, 406, 407, 408, 409, 410, 411, 412, 413, 414, 415, 416, 417, 418, 419, 420, 421, 422, 423, 424, 425, 426, 427, 428, 429, 430, 431, 432, 433, 434, 435, 442, 446, 447, 448, 449, 450, 451, 452, 453, 454, 455, 456, 457, 458, 459, 460, 461, 462, 463, 464, 465, 476, 477, 478, 479, 480, 481, 482, 483, 484, 485, 486, 487, 488, 489, 490, 491, 492, 493, 494, 495, 496, 498, 523, 524, 525, 526, 527, 528, 537, 538, 539, 540, 541, 542, 543, 544, 545, 546, 547, 548, 549, 550, 551, 552, 553, 554, 555, 556, 557, 558, 559, 560, 561, 562, 563, 564, 565, 566, 567, 568, 569, 570, 571, 574, 575, 576, 577, 578, 611, 612, 613, 614, 615, 616, 617, 618, 620, 621, 622, 623, 624, 625, 626, 627, 628, 629, 630, 631, 632, 633, 634, 635, 636, 637, 641, 642, 643, 644, 645, 646, 647, 648, 649, 650, 651, 652, 653, 654, 655, 656, 657, 658, 659, 660, 661, 662, 663, 664, 665, 666, 667, 668, 669, 670, 671, 672, 673, 674, 675, 676, 677, 678, 679, 681, 682, 683, 684, 685, 686, 687, 688, 689, 690, 691, 692, 693, 694, 695]"
13,s03-Joystick - Teleoperation,237,116,29,"[0, 1, 2, 3, 4, 5, 6, 7, 8, 9, 10, 11, 12, 13, 14, 15, 45, 46, 47, 48, 49, 50, 76, 77, 78, 80, 87, 88, 89, 90, 91, 92, 93, 94, 95, 96, 97, 98, 99, 100, 101, 102, 103, 104, 105, 117, 118, 119, 120, 121, 122, 123, 124, 125, 126, 127, 128, 129, 130, 131, 132, 133, 134, 135, 137, 138, 139, 140, 141, 142, 143, 144, 147, 148, 149, 150, 151, 152, 153, 154, 155, 156, 157, 158, 159, 160, 161, 162, 163, 164, 176, 180, 189, 203, 204, 205, 206, 207, 208, 209, 210, 211, 212, 213, 214, 215, 216, 217, 218, 219, 220, 221, 222, 223, 224, 225]"
14,s03-Joystick - Trajectory,180,132,34,"[0, 35, 36, 37, 38, 39, 40, 41, 42, 43, 44, 45, 46, 73, 74, 75, 76, 77, 81, 82, 83, 84, 85, 115, 116, 117, 118, 119, 120, 121, 122, 123, 124, 125, 160, 161, 162, 163, 164, 165, 166, 167, 171]"
15,s03-Joystick - WST,960,870,180,"[0, 181, 182, 183, 184, 219, 222, 229, 230, 231, 267, 280, 281, 282, 374, 375, 376, 377, 378, 476, 477, 478, 479, 480, 507, 508, 509, 510, 511, 524, 525, 584, 617, 618, 619, 620, 621, 626, 627, 628, 629, 630, 631, 632, 633, 634, 635, 636, 637, 638, 639, 640, 641, 642, 643, 644, 645, 646, 657, 658, 659, 660, 661, 662, 663, 664, 665, 666, 667, 668, 669, 670, 671, 672, 673, 674, 675, 687, 737, 738, 739, 781, 816, 817, 818]"
16,s03-Sip-n-puff - Command,248,14,5,"[3, 4, 5, 6, 7, 8, 9, 10, 11, 12, 13, 14, 15, 16, 17, 18, 19, 20, 21, 22, 23, 24, 25, 26, 27, 28, 29, 30, 31, 32, 33, 34, 35, 36, 37, 38, 41, 42, 43, 44, 45, 46, 47, 48, 49, 50, 51, 52, 53, 54, 55, 56, 57, 58, 59, 60, 61, 62, 63, 64, 65, 66, 67, 68, 69, 70, 71, 72, 73, 74, 75, 76, 77, 78, 79, 80, 81, 82, 83, 84, 85, 86, 87, 88, 89, 90, 91, 92, 94, 95, 97, 98, 99, 100, 101, 102, 103, 104, 105, 106, 107, 108, 109, 110, 111, 112, 113, 114, 115, 116, 117, 118, 119, 120, 121, 122, 123, 124, 125, 126, 129, 130, 131, 133, 134, 135, 136, 137, 138, 139, 140, 141, 142, 143, 144, 145, 146, 147, 148, 149, 150, 151, 152, 153, 159, 160, 161, 162, 163, 164, 165, 166, 167, 168, 169, 170, 171, 172, 173, 174, 175, 176, 177, 178, 179, 180, 181, 182, 183, 184, 185, 186, 187, 188, 189, 190, 191, 192, 193, 194, 195, 196, 197, 198, 199, 200, 201, 202, 203, 204, 205, 206, 207, 208, 209, 210, 211, 212, 213, 214, 215, 216, 217, 218, 219, 220, 221, 222, 223, 224, 225, 226, 227, 228, 229, 230, 231, 232, 233, 234, 235, 236, 237, 238, 239, 240, 241, 242, 243]"
17,s03-Sip-n-puff - Teleoperation,1185,1086,154,"[12, 39, 40, 119, 274, 342, 343, 344, 345, 346, 347, 348, 356, 357, 358, 359, 360, 361, 362, 363, 364, 365, 366, 367, 368, 369, 370, 371, 372, 373, 374, 409, 563, 564, 600, 601, 711, 712, 743, 744, 745, 746, 747, 779, 925, 926, 927, 928, 929, 982, 983, 984, 985, 997, 1046, 1047, 1048, 1049, 1050, 1051, 1052, 1053, 1054, 1055, 1056, 1057, 1058, 1059, 1060, 1061, 1062, 1063, 1064, 1065, 1076, 1077, 1078, 1079, 1080, 1081, 1082, 1083, 1084, 1085, 1086, 1087, 1088, 1089, 1090, 1091, 1092, 1093, 1094, 1095]"
18,s03-Sip-n-puff - Trajectory,474,243,164,"[0, 1, 2, 3, 4, 5, 6, 7, 8, 9, 10, 11, 12, 13, 14, 15, 16, 17, 18, 19, 20, 21, 22, 23, 24, 25, 26, 27, 28, 29, 30, 31, 32, 33, 34, 35, 36, 37, 38, 39, 40, 43, 44, 45, 46, 47, 48, 49, 50, 51, 52, 53, 54, 55, 56, 57, 58, 59, 60, 61, 62, 63, 64, 65, 66, 68, 233, 234, 235, 236, 237, 258, 262, 266, 267, 268, 269, 270, 271, 272, 273, 274, 275, 276, 277, 278, 279, 280, 281, 282, 283, 284, 297, 298, 299, 300, 301, 302, 303, 304, 305, 306, 307, 308, 309, 310, 311, 312, 313, 314, 315, 316, 317, 318, 319, 320, 321, 322, 323, 324, 325, 326, 327, 328, 329, 330, 331, 332, 333, 334, 335, 336, 337, 338, 339, 340, 341, 342, 343, 344, 345, 346, 347, 348, 349, 350, 351, 352, 353, 354, 355, 356, 357, 358, 359, 360, 361, 362, 363, 364, 365, 366, 367, 368, 369, 370, 371, 372, 373, 374, 375, 376, 377, 378, 379, 380, 381, 382, 383, 384, 385, 386, 387, 388, 389, 390, 409, 410, 411, 421, 422, 423, 424, 425, 426, 427, 428, 429, 430, 431, 432, 433, 440, 446, 447, 448, 449, 450, 451, 452, 453, 454, 455, 456, 457, 458, 459, 460, 461, 462, 463, 464, 465, 466, 467, 468]"
19,s03-Sip-n-puff - WST,2250,1744,257,"[0, 106, 107, 156, 281, 282, 283, 284, 285, 286, 287, 288, 289, 290, 291, 292, 293, 294, 295, 296, 297, 298, 299, 300, 381, 447, 449, 498, 499, 500, 501, 502, 503, 504, 505, 506, 507, 508, 509, 601, 602, 603, 604, 605, 606, 616, 617, 618, 619, 620, 621, 623, 624, 634, 636, 683, 684, 685, 698, 699, 700, 701, 702, 703, 704, 705, 706, 707, 708, 709, 710, 711, 712, 713, 714, 715, 716, 717, 718, 719, 720, 726, 727, 728, 729, 730, 732, 733, 734, 735, 747, 749, 750, 751, 752, 753, 754, 755, 756, 757, 758, 759, 760, 761, 762, 763, 764, 765, 803, 820, 821, 822, 823, 824, 825, 826, 840, 841, 842, 843, 844, 860, 861, 862, 863, 864, 865, 866, 867, 868, 895, 896, 897, 898, 899, 903, 904, 905, 906, 907, 937, 938, 939, 940, 941, 942, 943, 944, 946, 947, 982, 983, 984, 985, 986, 987, 988, 989, 993, 994, 995, 996, 997, 998, 1256, 1257, 1258, 1259, 1260, 1261, 1262, 1263, 1264, 1265, 1266, 1267, 1268, 1269, 1270, 1271, 1272, 1273, 1274, 1275, 1301, 1302, 1338, 1344, 1345, 1346, 1347, 1348, 1349, 1351, 1391, 1392, 1393, 1394, 1467, 1468, 1469, 1470, 1471, 1474, 1475, 1476, 1477, 1478, 1479, 1480, 1481, 1482, 1483, 1484, 1485, 1486, 1487, 1489, 1490, 1491, 1492, 1499, 1500, 1501, 1502, 1503, 1537, 1538, 1539, 1540, 1541, 1584, 1585, 1594, 1595, 1596, 1597, 1598, 1602, 1603, 1604, 1605, 1606, 1607, 1608, 1609, 1610, 1611, 1612, 1613, 1615, 1616, 1617, 1618, 1622, 1623, 1624, 1625, 1626, 1627, 1628, 1629, 1630, 1631, 1632, 1633, 1634, 1635, 1636, 1637, 1638, 1639, 1644, 1645, 1646, 1647, 1648, 1649, 1650, 1651, 1652, 1653, 1654, 1656, 1657, 1658, 1659, 1660, 1661, 1662, 1663, 1664, 1665, 1666, 1668, 1673, 1674, 1675, 1676, 1677, 1678, 1679, 1680, 1702, 1703, 1704, 1705, 1706, 1707, 1708, 1709, 1710, 1711, 1712, 1713, 1714, 1715, 1722, 1723, 1725, 1753, 1754, 1755, 1756, 1768, 1769, 1771, 1772, 1775, 1776, 1780, 1781, 1782, 1783, 1784, 1785, 1786, 1787, 1788, 1789, 1791, 1792, 1793, 1794, 1795, 1800, 1801, 1802, 1803, 1804, 1805, 1806, 1807, 1808, 1809, 1810, 1811, 1812, 1813, 1814, 1815, 1816, 1818, 1835, 1836, 1839, 1853, 1854, 1855, 1856, 1857, 1858, 1859, 1861, 1862, 1865, 1868, 1869, 1870, 1871, 1872, 1873, 1874, 1875, 1876, 1877, 1878, 1879, 1880, 1881, 1882, 1883, 1884, 1885, 1886, 1887, 1888, 1889, 1890, 1891, 1892, 1893, 1894, 1895, 1896, 1897, 1898, 1899, 1900, 1901, 1902, 1903, 1904, 1905, 1906, 1907, 1908, 1909, 1910, 1911, 1912, 1913, 1914, 1915, 1916, 1917, 1935, 1936, 1937, 1938, 1939, 1940, 1941, 1942, 1943, 1944, 1947, 1948, 1949, 1950, 1951, 1952, 1953, 1954, 1955, 1956, 1957, 1958, 1975, 1976, 1977, 1978, 1979, 1980, 2026, 2027, 2028, 2029, 2030, 2031, 2067, 2069, 2070, 2071, 2073, 2074, 2094, 2095, 2096, 2097, 2098, 2099, 2100, 2101, 2102, 2103, 2104, 2105, 2106, 2107, 2108, 2109, 2110, 2113, 2114, 2158, 2159, 2160, 2161, 2162, 2163, 2164, 2165, 2166, 2167, 2168, 2169, 2170, 2171, 2188, 2189]"
20,s05-Headarray - Command,135,123,69,"[5, 7, 8, 9, 10, 11, 61]"
21,s05-Headarray - Low level autonomy,479,388,134,"[0, 16, 17, 18, 67, 69, 70, 71, 78, 95, 96, 97, 98, 99, 100, 101, 102, 103, 104, 105, 106, 107, 108, 109, 110, 111, 112, 113, 114, 115, 116, 117, 118, 119, 120, 129, 132, 136, 145, 148, 149, 151, 152, 153, 154, 155, 156, 157, 158, 159, 160, 161, 162, 171, 175, 178, 179, 180, 181, 182, 317, 332, 371, 375, 394, 395, 403, 404, 405, 406, 407, 408, 411, 425, 439, 440, 441, 442, 443, 452, 456, 467, 468, 469, 470, 471]"
22,s05-Headarray - Mid level autonomy,675,119,34,"[0, 17, 18, 19, 20, 21, 22, 24, 25, 26, 27, 28, 29, 30, 31, 32, 33, 34, 35, 36, 37, 38, 39, 40, 41, 42, 43, 44, 45, 50, 51, 52, 53, 54, 55, 56, 57, 58, 59, 60, 79, 114, 124, 126, 127, 128, 161, 162, 163, 164, 165, 166, 167, 168, 169, 170, 171, 172, 173, 174, 175, 176, 177, 178, 179, 180, 181, 182, 183, 184, 185, 186, 187, 188, 189, 190, 191, 192, 193, 194, 195, 196, 197, 198, 199, 200, 201, 202, 203, 204, 205, 206, 207, 208, 209, 210, 211, 212, 213, 214, 215, 216, 217, 218, 219, 220, 221, 222, 223, 224, 225, 226, 227, 228, 229, 230, 232, 233, 234, 235, 236, 237, 238, 239, 240, 241, 242, 243, 244, 245, 246, 247, 248, 249, 250, 251, 252, 253, 254, 255, 256, 257, 258, 259, 260, 261, 262, 263, 264, 265, 266, 267, 268, 269, 270, 271, 272, 273, 274, 275, 276, 277, 278, 279, 280, 281, 282, 283, 284, 285, 286, 287, 288, 289, 290, 291, 292, 293, 294, 295, 296, 297, 298, 299, 300, 301, 302, 303, 304, 305, 306, 307, 308, 309, 310, 311, 312, 313, 314, 315, 316, 317, 318, 319, 320, 321, 322, 323, 324, 325, 326, 327, 328, 329, 330, 331, 332, 333, 334, 335, 336, 337, 338, 339, 340, 341, 342, 343, 344, 345, 346, 347, 348, 349, 350, 351, 352, 353, 354, 355, 356, 357, 358, 359, 360, 361, 362, 363, 364, 365, 366, 367, 368, 369, 370, 371, 372, 373, 374, 375, 376, 377, 378, 379, 380, 381, 382, 383, 384, 385, 386, 387, 388, 389, 390, 391, 392, 393, 394, 395, 396, 397, 398, 399, 400, 401, 402, 403, 404, 405, 406, 407, 408, 409, 410, 411, 412, 413, 414, 415, 416, 417, 418, 419, 420, 421, 422, 423, 424, 425, 426, 427, 428, 429, 430, 431, 432, 433, 434, 435, 436, 437, 438, 439, 440, 441, 442, 443, 444, 445, 446, 447, 448, 449, 450, 451, 452, 453, 454, 455, 456, 457, 458, 459, 460, 461, 462, 463, 464, 465, 466, 467, 468, 469, 470, 471, 472, 473, 474, 475, 476, 477, 478, 479, 480, 481, 482, 483, 484, 485, 486, 489, 491, 492, 493, 494, 495, 496, 497, 498, 499, 500, 501, 502, 503, 504, 505, 506, 507, 508, 509, 510, 511, 512, 513, 514, 515, 516, 517, 518, 519, 520, 521, 522, 523, 524, 525, 526, 527, 528, 529, 530, 531, 532, 533, 534, 535, 536, 537, 538, 539, 540, 541, 542, 543, 544, 545, 546, 547, 548, 549, 550, 551, 552, 553, 554, 555, 556, 557, 558, 559, 560, 561, 562, 563, 564, 565, 566, 567, 568, 569, 570, 571, 572, 573, 574, 575, 576, 577, 578, 579, 580, 581, 582, 583, 584, 585, 586, 587, 588, 589, 590, 591, 592, 593, 594, 595, 596, 597, 598, 599, 600, 601, 602, 603, 604, 605, 606, 607, 608, 609, 610, 611, 612, 613, 614, 615, 616, 617, 619, 620, 621, 622, 623, 624, 625, 626, 627, 628, 629, 630, 631, 632, 633, 634, 635, 636, 637, 638, 639, 640, 641, 642, 643, 644, 645, 646, 647, 648, 649, 650, 651, 652, 653, 654, 655, 656, 657, 658, 659, 660, 661, 662, 663, 664, 665, 666, 667, 668, 669, 670]"
23,s05-Headarray - Teleoperation,225,210,145,"[0, 1, 147, 155, 159, 168, 185, 186, 187, 218]"
24,s05-Headarray - Trajectory,150,121,47,"[0, 48, 58, 62, 73, 75, 76, 77, 88, 89, 91, 92, 95, 109, 110, 111, 112, 113, 114, 115, 116, 117, 131, 140]"
25,s05-Headarray - WST,930,693,51,"[35, 72, 73, 74, 75, 76, 77, 104, 154, 155, 156, 157, 158, 167, 168, 173, 174, 175, 176, 187, 188, 189, 190, 191, 192, 193, 194, 195, 196, 197, 198, 199, 200, 219, 220, 221, 222, 249, 257, 258, 259, 264, 265, 266, 267, 268, 295, 296, 297, 298, 299, 312, 313, 314, 316, 319, 320, 322, 323, 332, 342, 346, 347, 348, 349, 350, 353, 354, 355, 356, 357, 359, 360, 361, 362, 363, 364, 365, 366, 369, 370, 371, 372, 373, 393, 394, 395, 396, 441, 442, 443, 461, 462, 463, 464, 465, 466, 469, 512, 513, 514, 515, 516, 530, 531, 532, 533, 534, 558, 559, 602, 603, 604, 605, 606, 608, 624, 644, 645, 646, 647, 648, 649, 660, 661, 662, 663, 674, 676, 677, 678, 685, 686, 687, 688, 689, 690, 691, 692, 693, 694, 695, 696, 697, 698, 699, 700, 701, 702, 703, 704, 705, 706, 707, 708, 709, 710, 711, 712, 713, 714, 715, 716, 722, 723, 724, 725, 726, 727, 728, 729, 738, 739, 740, 741, 746, 747, 748, 749, 801, 803, 804, 805, 806, 807, 808, 809, 810, 811, 812, 813, 814, 815, 816, 817, 818, 819, 820, 821, 822, 823, 824, 825, 826, 827, 828, 829, 830, 831, 832, 833, 834, 835, 836, 837, 838, 839, 853, 854, 856, 857, 858, 859, 860, 861, 894, 895, 896, 897, 898, 909, 910]"
26,s05-Joystick - Command,135,112,97,"[0, 4, 8, 10, 11, 12, 110, 113, 119, 120, 121, 122, 123, 124, 125, 126, 127, 128]"
27,s05-Joystick - Low level autonomy,315,91,23,"[0, 1, 2, 3, 4, 5, 6, 7, 8, 9, 10, 11, 12, 13, 14, 15, 24, 45, 69, 70, 72, 73, 75, 76, 90, 92, 93, 94, 109, 116, 117, 118, 119, 120, 121, 122, 123, 124, 125, 126, 127, 128, 129, 130, 136, 137, 138, 139, 140, 141, 142, 143, 144, 145, 146, 147, 148, 149, 150, 151, 152, 153, 154, 155, 156, 157, 158, 159, 160, 161, 162, 163, 164, 165, 166, 167, 168, 169, 170, 171, 172, 173, 174, 175, 176, 177, 178, 179, 180, 181, 182, 183, 184, 185, 186, 187, 188, 189, 190, 191, 192, 193, 194, 195, 196, 197, 198, 199, 200, 201, 202, 203, 204, 205, 206, 207, 208, 209, 210, 211, 212, 213, 214, 215, 216, 217, 218, 219, 220, 221, 222, 223, 224, 225, 226, 227, 228, 229, 230, 231, 232, 233, 234, 235, 236, 237, 238, 239, 240, 241, 242, 243, 244, 245, 246, 247, 248, 249, 250, 251, 252, 253, 254, 255, 256, 257, 258, 259, 260, 261, 262, 263, 264, 265, 266, 267, 268, 269, 270, 271, 272, 273, 274, 275, 276, 277, 278, 279, 280, 281, 282, 283, 284, 285, 286, 287, 288, 289, 290, 291, 292, 293, 294, 295, 296, 297, 298, 299, 300, 301, 302, 303, 304, 305, 306, 307, 308, 309, 310]"
28,s05-Joystick - Mid level autonomy,644,603,215,"[0, 18, 33, 37, 91, 100, 316, 319, 320, 328, 345, 346, 347, 348, 391, 414, 418, 427, 431, 440, 441, 442, 443, 444, 488, 559, 599, 603, 604, 605, 606, 607, 608, 609, 616, 620]"
29,s05-Joystick - Teleoperation,240,196,59,"[0, 4, 5, 6, 7, 8, 19, 23, 31, 32, 33, 34, 35, 36, 56, 58, 59, 60, 61, 62, 63, 64, 65, 66, 67, 68, 70, 71, 74, 127, 128, 129, 130, 153, 155, 156, 157, 174, 176]"
30,s05-Joystick - Trajectory,164,142,62,"[0, 1, 2, 3, 4, 5, 6, 7, 8, 12, 16, 20, 24, 60, 123, 133, 137]"
31,s05-Joystick - WST,750,534,52,"[0, 22, 23, 24, 39, 40, 41, 43, 53, 54, 55, 56, 57, 58, 59, 60, 61, 62, 63, 64, 65, 66, 85, 86, 87, 89, 115, 123, 124, 126, 127, 130, 131, 132, 133, 134, 161, 162, 163, 164, 165, 178, 179, 180, 181, 182, 186, 187, 188, 189, 197, 211, 212, 213, 214, 215, 219, 220, 221, 222, 223, 224, 225, 226, 227, 228, 229, 230, 231, 232, 236, 237, 238, 240, 259, 260, 262, 263, 307, 308, 309, 310, 311, 326, 327, 329, 330, 379, 380, 381, 382, 396, 397, 398, 399, 400, 424, 470, 471, 472, 473, 474, 506, 509, 510, 511, 512, 513, 514, 515, 526, 527, 528, 530, 541, 542, 543, 544, 551, 552, 553, 554, 555, 556, 557, 558, 559, 560, 561, 562, 565, 566, 567, 568, 569, 570, 571, 572, 573, 574, 575, 576, 577, 578, 579, 580, 581, 582, 588, 590, 591, 592, 593, 594, 596, 597, 604, 605, 606, 607, 612, 613, 614, 615, 616, 669, 670, 671, 672, 673, 674, 675, 676, 677, 678, 679, 680, 681, 682, 683, 684, 685, 686, 687, 688, 689, 690, 691, 692, 693, 694, 695, 696, 697, 698, 699, 700, 701, 702, 703, 704, 719, 720, 721, 722, 723, 724, 725, 726, 727, 737]"
32,s05-Sip-n-puff - Command,240,211,53,"[0, 1, 9, 13, 22, 23, 24, 25, 26, 70, 124, 140, 141, 176, 185, 186, 187, 188, 189, 190, 191, 198, 202, 206]"
33,s05-Sip-n-puff - Teleoperation,1065,904,186,"[0, 33, 34, 84, 86, 87, 88, 95, 116, 117, 118, 119, 120, 121, 122, 123, 124, 125, 126, 127, 128, 129, 130, 131, 132, 133, 134, 135, 136, 149, 153, 162, 165, 166, 168, 169, 170, 171, 172, 173, 174, 175, 176, 177, 178, 179, 192, 195, 196, 197, 198, 199, 334, 349, 388, 392, 411, 420, 421, 422, 423, 424, 425, 428, 442, 456, 457, 458, 459, 460, 469, 473, 484, 485, 486, 487, 488, 501, 509, 510, 512, 513, 514, 515, 516, 517, 518, 519, 520, 521, 523, 524, 579, 580, 581, 582, 583, 606, 607, 608, 610, 797, 819, 820, 821, 822, 826, 830, 917, 918, 919, 920, 921, 922, 923, 924, 925, 926, 927, 930, 931, 932, 933, 942, 943, 944, 945, 946, 947, 948, 952, 953, 954, 955, 956, 957, 958, 959, 960, 961, 962, 985, 986, 988, 989, 990, 991, 992, 993, 994, 995, 996, 997, 1015, 1016, 1057]"
34,s05-Sip-n-puff - Trajectory,345,333,195,"[0, 103, 116, 117, 313, 326, 330]"
35,s05-Sip-n-puff - WST,1305,953,65,"[0, 45, 46, 47, 65, 66, 67, 68, 69, 73, 74, 116, 118, 119, 120, 133, 134, 135, 136, 137, 138, 162, 163, 164, 165, 206, 207, 208, 209, 210, 248, 249, 250, 251, 252, 253, 264, 265, 266, 267, 278, 280, 281, 282, 284, 287, 288, 289, 290, 291, 292, 293, 294, 295, 296, 297, 298, 299, 300, 301, 302, 303, 313, 314, 315, 316, 317, 319, 320, 326, 327, 328, 329, 330, 331, 332, 333, 334, 341, 343, 344, 345, 350, 351, 352, 405, 407, 408, 409, 410, 411, 412, 413, 414, 415, 416, 417, 421, 423, 424, 425, 429, 430, 431, 432, 433, 434, 435, 436, 437, 438, 439, 440, 441, 442, 443, 444, 445, 446, 447, 448, 449, 450, 451, 452, 453, 454, 455, 457, 458, 459, 460, 461, 462, 463, 473, 476, 498, 499, 500, 501, 502, 513, 514, 515, 516, 532, 551, 555, 566, 567, 570, 574, 575, 576, 577, 578, 579, 580, 581, 582, 583, 584, 585, 586, 587, 588, 589, 591, 609, 610, 611, 615, 616, 617, 618, 619, 627, 634, 638, 673, 676, 677, 678, 679, 680, 681, 682, 683, 684, 685, 686, 688, 689, 690, 691, 692, 693, 694, 695, 696, 697, 698, 699, 700, 701, 702, 703, 704, 705, 706, 707, 708, 709, 710, 711, 712, 713, 714, 715, 716, 718, 719, 720, 721, 722, 723, 724, 725, 726, 727, 728, 729, 730, 731, 732, 733, 734, 735, 741, 742, 745, 746, 747, 748, 749, 750, 751, 752, 757, 758, 760, 761, 767, 768, 769, 780, 781, 782, 788, 789, 791, 792, 793, 794, 795, 796, 797, 798, 799, 800, 801, 802, 803, 804, 805, 806, 807, 809, 813, 828, 829, 843, 866, 867, 868, 869, 895, 896, 897, 898, 899, 907, 910, 911, 914, 955, 959, 977, 1037, 1052, 1053, 1054, 1055, 1056, 1067, 1068, 1070, 1071, 1088, 1089, 1090, 1091, 1092, 1093, 1094, 1095, 1096, 1097, 1120, 1122, 1123, 1124, 1125, 1126, 1157, 1223, 1226, 1227, 1228, 1229, 1230, 1231, 1233, 1234, 1235, 1236, 1237, 1238, 1239, 1240, 1241, 1242, 1243, 1244, 1247, 1300]"
36,u03-Headarray - Command,135,117,91,"[92, 93, 94, 95, 96, 111, 112, 113, 115, 118, 119, 120, 121]"
37,u03-Headarray - Low level autonomy,795,731,282,"[95, 96, 97, 98, 99, 105, 107, 199, 200, 201, 202, 286, 287, 288, 289, 290, 368, 369, 370, 371, 372, 655, 658, 676, 677, 678, 679, 680, 681, 682, 683, 684, 685, 686, 687, 701, 702, 703, 704, 705, 751, 752, 753, 754, 755, 756, 758, 770, 771, 772, 773, 774, 775, 776, 778, 779, 780, 781, 782]"
38,u03-Headarray - Mid level autonomy,825,738,161,"[0, 162, 163, 164, 196, 197, 198, 199, 229, 231, 240, 241, 242, 243, 244, 245, 246, 247, 248, 249, 272, 273, 274, 276, 280, 281, 411, 412, 413, 414, 420, 421, 422, 423, 424, 425, 515, 516, 517, 518, 519, 520, 521, 522, 523, 524, 527, 530, 531, 539, 540, 541, 542, 543, 548, 551, 554, 574, 576, 577, 578, 579, 580, 590, 601, 605, 609, 611, 612, 613, 614, 615, 616, 645, 647, 687, 688, 690, 817, 818, 819, 820]"
39,u03-Headarray - Teleoperation,465,414,165,"[2, 3, 4, 5, 9, 10, 11, 12, 13, 14, 15, 16, 18, 19, 185, 187, 189, 209, 210, 211, 212, 213, 227, 229, 230, 231, 243, 246, 247, 289, 290, 291, 292, 293, 294, 295, 296, 297, 298, 300, 301, 326, 329, 350, 353, 396]"
40,u03-Headarray - Trajectory,240,205,133,"[41, 42, 43, 44, 45, 46, 47, 48, 49, 50, 51, 52, 53, 54, 55, 56, 57, 58, 59, 60, 62, 64, 73, 74, 75, 76, 77, 79, 213, 215]"
41,u03-Headarray - WST,1050,459,46,"[9, 10, 11, 12, 13, 14, 25, 49, 50, 51, 52, 53, 61, 62, 83, 85, 86, 87, 88, 89, 90, 91, 92, 93, 94, 95, 96, 97, 98, 99, 100, 101, 102, 103, 104, 115, 116, 117, 118, 119, 120, 121, 122, 123, 124, 125, 126, 127, 128, 129, 130, 131, 132, 133, 140, 142, 152, 163, 165, 166, 167, 168, 169, 170, 171, 172, 187, 189, 192, 193, 194, 195, 196, 206, 207, 208, 209, 210, 211, 212, 213, 214, 215, 220, 221, 222, 223, 224, 225, 226, 227, 228, 229, 230, 231, 232, 233, 234, 235, 236, 237, 238, 239, 240, 241, 242, 243, 244, 245, 246, 247, 248, 249, 250, 251, 252, 253, 254, 262, 263, 264, 265, 266, 270, 276, 297, 298, 299, 300, 301, 302, 303, 304, 305, 306, 307, 308, 309, 310, 311, 312, 313, 314, 315, 316, 328, 353, 362, 363, 364, 365, 366, 374, 375, 376, 377, 378, 383, 384, 385, 386, 387, 396, 402, 405, 416, 417, 418, 419, 420, 436, 437, 438, 439, 440, 447, 448, 449, 450, 451, 452, 499, 500, 501, 502, 513, 514, 515, 516, 517, 521, 522, 523, 524, 525, 526, 527, 528, 529, 530, 531, 532, 533, 534, 535, 536, 537, 538, 539, 540, 541, 542, 543, 544, 545, 546, 547, 548, 549, 550, 551, 552, 553, 554, 555, 556, 557, 558, 559, 560, 561, 562, 563, 564, 565, 566, 567, 568, 569, 570, 571, 572, 573, 574, 575, 576, 577, 578, 579, 580, 581, 582, 583, 584, 585, 586, 587, 588, 589, 590, 591, 592, 593, 594, 595, 596, 597, 598, 599, 600, 601, 602, 603, 604, 605, 606, 607, 608, 609, 610, 611, 612, 613, 614, 615, 621, 623, 624, 625, 626, 627, 628, 629, 630, 631, 632, 633, 634, 635, 636, 637, 638, 639, 640, 641, 642, 643, 644, 645, 647, 648, 649, 650, 651, 652, 656, 657, 658, 659, 660, 661, 662, 663, 664, 665, 666, 667, 668, 669, 670, 671, 672, 673, 674, 675, 676, 677, 678, 679, 680, 681, 682, 683, 684, 685, 686, 687, 688, 689, 690, 691, 692, 693, 694, 695, 696, 697, 698, 699, 700, 701, 702, 703, 704, 705, 706, 707, 708, 709, 710, 711, 712, 713, 714, 715, 716, 717, 718, 719, 720, 721, 722, 723, 724, 725, 726, 727, 728, 729, 730, 731, 732, 733, 734, 735, 736, 737, 738, 739, 740, 741, 742, 743, 744, 745, 746, 747, 748, 749, 750, 765, 766, 769, 771, 782, 783, 784, 785, 786, 787, 788, 789, 807, 808, 809, 810, 811, 812, 813, 814, 815, 816, 817, 818, 819, 820, 821, 822, 823, 824, 825, 826, 827, 828, 829, 830, 831, 832, 833, 834, 835, 836, 837, 838, 839, 840, 841, 842, 843, 844, 845, 846, 847, 848, 849, 850, 851, 852, 853, 854, 855, 856, 857, 858, 859, 860, 861, 862, 863, 864, 869, 872, 873, 874, 875, 876, 877, 878, 879, 880, 881, 882, 883, 884, 885, 886, 887, 888, 889, 890, 891, 892, 893, 894, 895, 896, 897, 898, 899, 900, 901, 902, 903, 904, 905, 906, 907, 908, 909, 910, 911, 912, 913, 914, 915, 916, 917, 918, 925, 926, 927, 928, 929, 941, 942, 943, 944, 945, 946, 947, 948, 949, 950, 951, 952, 953, 954, 955, 956, 957, 958, 959, 960, 968, 969, 970, 971, 986, 987, 988, 989, 990, 991, 992, 993, 994, 995, 996, 997, 998, 999, 1000, 1001, 1002, 1003, 1004, 1007, 1011, 1012, 1013, 1014, 1015, 1016, 1017, 1018, 1027]"
42,u03-Joystick - Command,120,114,113,[0]
43,u03-Joystick - Low level autonomy,375,338,90,"[0, 13, 14, 59, 60, 61, 62, 63, 64, 65, 66, 67, 68, 69, 99, 120, 166, 250, 251, 252, 253, 254, 261, 262, 263, 264, 265, 266, 267, 277, 278, 280]"
44,u03-Joystick - Mid level autonomy,555,522,282,"[0, 49, 50, 51, 52, 136, 137, 138, 139, 140, 219, 220, 221, 222, 505, 506, 526, 527, 528, 529, 530, 531, 532, 533, 534, 536, 537, 538]"
45,u03-Joystick - Teleoperation,255,246,224,"[225, 227, 228, 229]"
46,u03-Joystick - Trajectory,135,123,102,"[0, 21, 22, 23, 24, 25, 28]"
47,u03-Joystick - WST,747,409,46,"[0, 5, 6, 7, 8, 9, 10, 11, 12, 13, 14, 15, 21, 27, 28, 29, 30, 31, 32, 33, 34, 35, 36, 37, 38, 39, 40, 41, 42, 43, 44, 45, 46, 47, 48, 49, 50, 51, 52, 53, 54, 55, 56, 57, 58, 59, 60, 98, 99, 100, 101, 102, 103, 146, 147, 148, 149, 150, 151, 186, 187, 188, 189, 190, 197, 198, 220, 221, 222, 223, 224, 225, 226, 227, 228, 229, 230, 231, 232, 233, 234, 235, 236, 237, 238, 239, 251, 252, 253, 254, 255, 256, 257, 258, 259, 260, 261, 262, 263, 264, 265, 266, 267, 268, 269, 270, 271, 277, 279, 290, 292, 298, 299, 300, 301, 302, 303, 304, 305, 306, 307, 308, 309, 310, 324, 326, 329, 330, 331, 332, 333, 341, 342, 343, 344, 345, 346, 347, 348, 349, 350, 351, 357, 358, 359, 360, 361, 362, 363, 364, 365, 366, 367, 368, 369, 370, 371, 372, 373, 374, 375, 376, 377, 378, 380, 381, 382, 383, 384, 385, 386, 387, 388, 399, 400, 401, 402, 403, 407, 413, 441, 442, 443, 444, 445, 449, 450, 451, 452, 453, 454, 455, 456, 457, 458, 459, 460, 461, 462, 463, 464, 465, 489, 490, 499, 500, 501, 502, 508, 511, 512, 513, 514, 515, 520, 521, 522, 523, 524, 533, 535, 538, 539, 542, 553, 555, 556, 557, 573, 574, 575, 576, 577, 584, 585, 586, 587, 588, 589, 636, 637, 638, 639, 650, 651, 652, 653, 654, 657, 658, 659, 660, 661, 662, 663, 664, 665, 666, 667, 668, 669, 670, 671, 672, 673, 674, 675, 676, 677, 678, 679, 680, 681, 682, 683, 684, 685, 686, 687, 688, 689, 690, 691, 692, 693, 694, 695, 696, 697, 698, 699, 700, 701, 702, 703, 704, 705, 706, 707, 708, 709, 710, 711, 712, 713, 714, 715, 716, 717, 718, 720, 721, 722, 723, 724, 725, 726, 727, 728, 729, 730, 731, 732, 733, 734, 735, 736, 737, 738, 739, 740, 741, 742]"
48,u03-Sip-n-puff - Command,240,219,90,"[31, 32, 33, 34, 35, 42, 44, 135, 136, 137, 138, 222, 223, 224, 225, 226]"
49,u03-Sip-n-puff - Teleoperation,570,502,142,"[18, 19, 39, 40, 41, 42, 43, 44, 45, 46, 47, 49, 50, 51, 65, 66, 67, 68, 114, 115, 116, 117, 118, 121, 125, 134, 135, 136, 137, 138, 139, 141, 142, 143, 144, 145, 157, 299, 300, 301, 302, 303, 304, 313, 387, 388, 389, 390, 391, 392, 393, 407, 408, 409, 413, 414, 415, 416, 417, 418, 419, 420, 423]"
50,u03-Sip-n-puff - Trajectory,465,451,170,"[171, 172, 174, 250, 251, 252, 264, 265, 427]"
51,u03-Sip-n-puff - WST,1155,524,73,"[2, 5, 6, 7, 8, 9, 14, 15, 16, 17, 18, 27, 29, 33, 36, 47, 48, 49, 50, 51, 67, 68, 69, 70, 71, 78, 79, 80, 81, 82, 83, 130, 131, 132, 133, 144, 145, 146, 147, 148, 149, 150, 151, 152, 153, 154, 157, 158, 159, 161, 162, 163, 164, 165, 166, 167, 168, 169, 170, 171, 172, 173, 174, 175, 176, 177, 178, 179, 180, 181, 182, 183, 184, 185, 186, 187, 188, 189, 190, 191, 192, 193, 194, 195, 196, 197, 198, 199, 200, 201, 202, 203, 204, 205, 206, 207, 208, 209, 210, 211, 212, 213, 214, 215, 216, 217, 218, 219, 220, 221, 222, 223, 224, 225, 226, 227, 228, 229, 230, 231, 232, 233, 234, 235, 236, 237, 238, 239, 240, 241, 242, 248, 249, 250, 251, 252, 253, 254, 255, 256, 257, 258, 259, 260, 261, 262, 263, 264, 265, 266, 267, 268, 269, 270, 271, 272, 273, 274, 278, 279, 280, 281, 282, 283, 284, 285, 286, 287, 288, 289, 290, 291, 292, 293, 294, 295, 296, 297, 298, 299, 300, 301, 302, 303, 304, 305, 306, 307, 308, 309, 310, 311, 312, 313, 314, 315, 316, 317, 318, 319, 320, 321, 322, 323, 324, 325, 326, 327, 328, 329, 330, 331, 332, 333, 334, 335, 336, 337, 338, 339, 340, 341, 342, 343, 344, 345, 346, 347, 348, 349, 350, 351, 352, 353, 354, 355, 356, 357, 358, 359, 360, 361, 362, 363, 364, 365, 366, 367, 368, 369, 370, 371, 372, 373, 374, 375, 396, 397, 399, 400, 402, 417, 418, 419, 420, 443, 444, 445, 446, 447, 448, 449, 450, 451, 452, 453, 454, 455, 456, 457, 458, 459, 460, 461, 462, 463, 464, 465, 466, 467, 468, 469, 470, 471, 472, 473, 474, 475, 476, 477, 478, 479, 480, 481, 482, 483, 484, 485, 486, 487, 488, 489, 490, 491, 492, 493, 494, 495, 496, 497, 498, 499, 500, 501, 502, 503, 504, 505, 506, 507, 508, 509, 510, 511, 512, 513, 514, 515, 516, 517, 518, 519, 520, 521, 522, 523, 524, 525, 526, 527, 528, 529, 530, 531, 532, 533, 534, 535, 536, 537, 538, 539, 540, 541, 542, 546, 547, 548, 549, 556, 557, 558, 559, 560, 577, 578, 579, 580, 586, 587, 588, 600, 601, 611, 612, 613, 614, 615, 616, 617, 618, 619, 620, 621, 622, 624, 625, 627, 631, 632, 633, 634, 635, 638, 639, 642, 644, 645, 646, 647, 648, 649, 650, 651, 652, 653, 654, 655, 656, 657, 658, 659, 660, 661, 662, 675, 676, 677, 678, 679, 680, 681, 682, 686, 687, 688, 689, 690, 692, 693, 694, 695, 696, 697, 698, 699, 700, 701, 702, 703, 704, 705, 711, 727, 730, 731, 733, 734, 736, 739, 740, 741, 742, 743, 746, 747, 748, 749, 750, 751, 752, 753, 754, 755, 756, 757, 758, 759, 760, 761, 762, 763, 764, 765, 768, 769, 770, 771, 772, 773, 774, 775, 776, 777, 778, 779, 780, 781, 782, 783, 784, 785, 786, 787, 788, 789, 790, 791, 792, 793, 794, 795, 796, 797, 798, 799, 800, 801, 802, 806, 807, 808, 809, 810, 811, 812, 813, 814, 815, 816, 817, 818, 819, 820, 821, 822, 823, 824, 825, 826, 827, 828, 829, 830, 831, 832, 833, 834, 835, 836, 837, 838, 839, 840, 841, 842, 843, 849, 850, 851, 852, 853, 856, 857, 859, 917, 954, 955, 956, 957, 958, 959, 960, 964, 965, 966, 970, 971, 972, 973, 974, 975, 976, 978, 1031, 1032, 1033, 1034, 1035, 1036, 1037, 1038, 1039, 1040, 1041, 1042, 1043, 1044, 1045, 1046, 1047, 1048, 1049, 1050, 1051, 1052, 1053, 1054, 1055, 1056, 1057, 1058, 1059, 1060, 1061, 1062, 1063, 1064, 1065, 1071, 1072, 1073, 1074, 1075, 1076, 1077]"
52,u04-Headarray - Command,120,115,115,[]
53,u04-Headarray - Low level autonomy,510,485,201,"[8, 39, 42, 244, 246, 247, 255, 350, 351, 352, 355, 356, 357, 358, 359, 360, 361, 362, 363, 447]"
54,u04-Headarray - Mid level autonomy,807,790,255,"[0, 4, 53, 169, 425, 426, 427, 429, 557, 563, 672, 762]"
55,u04-Headarray - Teleoperation,255,243,190,"[191, 192, 193, 194, 195, 196, 197]"
56,u04-Headarray - Trajectory,150,144,143,[0]
57,u04-Headarray - WST,720,705,260,"[91, 352, 473, 474, 475, 507, 583, 584, 677, 692]"
58,u04-Joystick - Command,135,123,71,"[0, 72, 73, 74, 75, 76, 116]"
59,u04-Joystick - Low level autonomy,299,285,136,"[0, 126, 127, 130, 131, 132, 133, 134, 158]"
60,u04-Joystick - Mid level autonomy,720,656,263,"[71, 263, 266, 267, 268, 269, 270, 271, 272, 273, 274, 275, 276, 277, 278, 279, 280, 281, 282, 283, 284, 285, 310, 386, 387, 388, 389, 390, 391, 392, 393, 394, 395, 396, 397, 398, 399, 400, 401, 402, 403, 404, 405, 406, 407, 408, 409, 410, 411, 412, 413, 414, 415, 416, 417, 418, 419, 420, 452]"
61,u04-Joystick - Teleoperation,195,175,75,"[0, 8, 15, 91, 92, 93, 94, 95, 131, 133, 143, 170, 177, 178, 179]"
62,u04-Joystick - Trajectory,120,114,113,[0]
63,u04-Joystick - WST,360,326,175,"[0, 176, 177, 178, 179, 180, 181, 182, 183, 184, 185, 186, 187, 188, 189, 190, 191, 192, 193, 194, 212, 213, 214, 215, 216, 217, 218, 219, 220]"
64,u04-Sip-n-puff - Command,240,229,181,"[0, 182, 222, 223, 224, 225]"
65,u04-Sip-n-puff - Teleoperation,495,470,152,"[0, 153, 155, 156, 165, 260, 261, 264, 265, 266, 267, 268, 269, 270, 271, 272, 423, 430, 433, 434]"
66,u04-Sip-n-puff - Trajectory,210,204,203,[0]
67,u04-Sip-n-puff - WST,930,890,310,"[0, 71, 72, 73, 74, 75, 105, 106, 107, 108, 109, 110, 111, 112, 113, 114, 425, 543, 593, 594, 595, 859, 860, 873, 879, 880, 881, 882, 883, 894, 917, 918, 919, 920, 921]"
68,u09-Headarray - Command,114,66,61,"[0, 1, 2, 3, 4, 5, 6, 7, 8, 9, 10, 11, 12, 13, 14, 15, 16, 17, 18, 19, 20, 21, 22, 23, 24, 25, 26, 27, 28, 29, 36, 37, 38, 39, 101, 102, 103, 104, 105, 106, 107, 108, 109]"
69,u09-Headarray - Low level autonomy,390,172,70,"[0, 1, 2, 3, 4, 5, 6, 7, 8, 9, 10, 11, 12, 13, 14, 15, 16, 17, 18, 19, 22, 23, 24, 25, 26, 27, 28, 29, 30, 31, 32, 33, 34, 35, 36, 37, 38, 39, 40, 41, 42, 43, 44, 45, 46, 47, 48, 49, 50, 51, 52, 53, 54, 55, 56, 57, 58, 59, 60, 61, 62, 63, 64, 65, 66, 67, 68, 69, 70, 71, 72, 73, 74, 75, 146, 147, 148, 149, 150, 151, 152, 153, 154, 155, 156, 157, 158, 159, 160, 161, 162, 163, 164, 165, 166, 167, 168, 169, 170, 171, 172, 173, 174, 175, 176, 177, 178, 179, 180, 181, 182, 183, 184, 185, 186, 187, 188, 189, 190, 191, 192, 193, 194, 195, 196, 197, 198, 199, 200, 205, 206, 207, 208, 209, 210, 212, 217, 218, 219, 220, 221, 228, 229, 230, 261, 262, 263, 264, 265, 269, 270, 271, 272, 273, 274, 275, 276, 277, 278, 282, 283, 284, 285, 286, 287, 288, 303, 320, 341, 342, 343, 344, 345, 346, 347, 348, 349, 350, 351, 352, 353, 354, 355, 356, 357, 358, 359, 360, 361, 362, 363, 364, 365, 366, 367, 368, 369, 370, 371, 372, 373, 374, 375, 376, 377, 378, 379, 380, 381, 382, 383, 384, 385]"
70,u09-Headarray - Mid level autonomy,765,280,46,"[0, 1, 2, 3, 4, 5, 6, 7, 8, 9, 10, 11, 12, 13, 14, 15, 16, 17, 18, 19, 20, 21, 22, 23, 24, 25, 26, 27, 28, 29, 30, 31, 32, 33, 34, 35, 36, 37, 38, 39, 40, 41, 42, 43, 44, 45, 60, 61, 62, 63, 64, 71, 72, 73, 74, 75, 76, 77, 78, 79, 80, 81, 82, 83, 84, 85, 86, 87, 88, 89, 90, 102, 103, 104, 105, 106, 107, 108, 109, 110, 111, 112, 113, 114, 115, 116, 117, 118, 130, 131, 132, 133, 134, 135, 137, 138, 139, 140, 146, 147, 148, 149, 150, 151, 152, 153, 154, 155, 156, 157, 158, 159, 161, 162, 189, 190, 208, 209, 210, 211, 212, 217, 218, 219, 220, 221, 222, 223, 224, 225, 226, 227, 228, 229, 242, 243, 244, 245, 246, 253, 254, 257, 263, 266, 267, 268, 269, 270, 271, 272, 273, 274, 275, 276, 277, 278, 279, 280, 281, 282, 283, 284, 285, 286, 287, 288, 289, 290, 291, 292, 293, 294, 295, 296, 297, 298, 299, 300, 301, 302, 303, 304, 305, 306, 307, 308, 309, 310, 311, 312, 313, 314, 315, 316, 317, 318, 319, 320, 321, 322, 323, 324, 325, 326, 327, 328, 329, 330, 331, 332, 333, 334, 335, 336, 337, 338, 339, 340, 341, 342, 344, 345, 348, 349, 350, 351, 352, 353, 354, 401, 402, 403, 404, 405, 406, 407, 408, 409, 410, 411, 412, 413, 414, 415, 416, 417, 418, 419, 420, 421, 422, 423, 424, 425, 426, 427, 428, 429, 430, 431, 432, 433, 434, 435, 436, 437, 438, 439, 440, 441, 442, 443, 444, 445, 446, 447, 448, 449, 450, 451, 452, 453, 454, 455, 456, 457, 458, 459, 460, 461, 462, 463, 464, 465, 466, 467, 468, 469, 470, 471, 472, 473, 474, 475, 476, 477, 478, 479, 492, 493, 494, 495, 496, 497, 498, 499, 500, 501, 502, 503, 504, 505, 506, 507, 508, 509, 510, 522, 523, 524, 525, 526, 527, 528, 529, 530, 531, 532, 533, 534, 535, 536, 537, 538, 539, 540, 544, 545, 546, 547, 548, 550, 551, 552, 553, 554, 555, 556, 557, 558, 559, 560, 561, 562, 563, 564, 565, 566, 567, 588, 589, 590, 591, 592, 593, 594, 595, 596, 597, 598, 599, 600, 601, 602, 603, 604, 605, 606, 607, 608, 609, 610, 611, 612, 613, 614, 615, 616, 617, 618, 619, 620, 621, 622, 623, 624, 625, 626, 627, 628, 629, 630, 642, 643, 644, 645, 646, 647, 648, 649, 650, 651, 652, 653, 654, 655, 656, 657, 658, 659, 660, 661, 662, 663, 664, 665, 666, 667, 668, 669, 670, 671, 672, 673, 674, 686, 687, 688, 689, 690, 691, 692, 693, 694, 695, 696, 697, 698, 699, 700, 701, 702, 703, 704, 705, 706, 707, 708, 709, 710, 711, 712, 713, 714, 715, 716, 717, 718, 719, 720]"
71,u09-Headarray - Teleoperation,343,155,90,"[0, 1, 2, 3, 4, 7, 8, 9, 10, 11, 12, 13, 14, 15, 16, 17, 18, 19, 20, 21, 22, 23, 24, 25, 26, 27, 28, 29, 30, 31, 32, 33, 34, 35, 36, 37, 38, 39, 40, 41, 42, 43, 44, 45, 46, 47, 48, 49, 50, 51, 52, 53, 54, 55, 56, 57, 58, 59, 60, 61, 62, 63, 64, 65, 66, 67, 68, 69, 70, 71, 72, 73, 74, 75, 76, 77, 78, 79, 80, 81, 82, 83, 84, 85, 86, 87, 88, 89, 90, 91, 92, 93, 94, 95, 96, 97, 98, 99, 100, 101, 102, 103, 105, 106, 107, 108, 109, 110, 111, 112, 113, 114, 115, 116, 117, 118, 119, 120, 171, 172, 173, 174, 175, 266, 267, 268, 269, 270, 271, 272, 273, 274, 275, 276, 277, 278, 279, 280, 281, 282, 283, 284, 285, 286, 287, 288, 289, 290, 291, 292, 293, 294, 295, 296, 297, 298, 299, 300, 303, 304, 305, 306, 307, 308, 309, 310, 311, 312, 313, 314, 315, 316, 327, 328, 329, 330, 331, 332, 333, 334, 335, 336, 337]"
72,u09-Headarray - Trajectory,150,124,86,"[19, 20, 21, 22, 23, 44, 45, 46, 47, 48, 49, 50, 51, 52, 53, 54, 55, 56, 57, 58, 59]"
73,u09-Headarray - WST,810,558,191,"[0, 192, 193, 194, 195, 196, 197, 198, 199, 200, 201, 202, 203, 204, 205, 206, 207, 208, 209, 218, 219, 220, 224, 225, 226, 227, 228, 234, 235, 288, 347, 348, 349, 350, 351, 373, 374, 375, 395, 396, 397, 398, 399, 417, 418, 419, 420, 421, 422, 423, 424, 425, 426, 427, 428, 429, 430, 431, 432, 433, 434, 435, 436, 437, 438, 439, 440, 441, 442, 443, 444, 445, 446, 447, 448, 449, 450, 451, 452, 464, 465, 466, 467, 478, 479, 480, 481, 559, 560, 561, 562, 563, 564, 581, 582, 583, 584, 585, 586, 587, 588, 589, 590, 591, 592, 593, 594, 595, 596, 597, 598, 599, 600, 601, 602, 603, 604, 605, 606, 607, 608, 609, 610, 611, 612, 613, 614, 615, 616, 617, 618, 619, 620, 621, 622, 623, 624, 625, 626, 627, 628, 629, 630, 631, 632, 633, 634, 635, 636, 637, 638, 639, 640, 641, 642, 643, 644, 649, 650, 652, 656, 657, 658, 659, 660, 661, 662, 663, 664, 665, 666, 667, 668, 669, 670, 671, 672, 673, 674, 675, 701, 702, 703, 704, 705, 706, 707, 708, 709, 710, 711, 712, 713, 714, 715, 716, 717, 718, 719, 720, 721, 722, 723, 724, 725, 726, 727, 728, 729, 730, 731, 732, 733, 734, 766, 767, 768, 769, 770, 771, 772, 773, 774, 775, 776, 777, 778, 779, 780, 781, 782, 783, 791, 792, 793, 794, 795, 796, 797, 798, 799, 800, 801, 802, 803, 804, 805]"
74,u09-Joystick - Command,120,114,113,[0]
75,u09-Joystick - Low level autonomy,630,206,50,"[0, 1, 2, 3, 4, 5, 6, 7, 8, 9, 10, 11, 12, 13, 14, 15, 16, 17, 18, 19, 20, 21, 22, 23, 24, 25, 26, 27, 28, 29, 35, 41, 42, 43, 44, 45, 46, 47, 48, 49, 50, 51, 52, 53, 54, 55, 56, 57, 58, 59, 60, 61, 62, 63, 64, 65, 66, 84, 85, 86, 87, 88, 89, 90, 91, 92, 93, 94, 95, 96, 97, 98, 99, 100, 101, 102, 103, 104, 111, 112, 118, 119, 120, 123, 125, 126, 127, 128, 129, 130, 131, 132, 133, 134, 135, 136, 137, 138, 139, 140, 141, 162, 168, 169, 171, 172, 182, 190, 191, 192, 193, 194, 198, 199, 200, 201, 202, 203, 204, 205, 206, 207, 208, 209, 210, 211, 212, 224, 225, 226, 227, 228, 235, 236, 237, 238, 239, 240, 241, 242, 243, 244, 245, 246, 247, 248, 249, 250, 251, 252, 253, 254, 255, 256, 257, 258, 259, 260, 261, 262, 263, 264, 265, 266, 267, 268, 269, 270, 271, 272, 273, 274, 275, 276, 277, 278, 279, 280, 281, 282, 283, 284, 285, 286, 287, 288, 289, 290, 291, 292, 293, 294, 295, 296, 297, 298, 299, 300, 301, 302, 303, 304, 305, 315, 316, 318, 319, 320, 321, 322, 323, 324, 325, 326, 327, 328, 329, 330, 331, 332, 333, 334, 335, 336, 387, 388, 389, 390, 391, 392, 393, 394, 395, 396, 397, 398, 399, 400, 401, 402, 403, 404, 405, 406, 407, 408, 409, 410, 411, 412, 413, 414, 415, 416, 417, 418, 419, 420, 421, 422, 423, 424, 425, 426, 427, 428, 429, 430, 431, 432, 433, 434, 435, 436, 437, 438, 439, 440, 441, 442, 443, 444, 445, 446, 447, 448, 449, 450, 451, 452, 453, 454, 455, 456, 457, 458, 459, 460, 461, 462, 463, 464, 465, 476, 477, 478, 479, 480, 481, 482, 483, 484, 485, 486, 487, 488, 489, 490, 491, 492, 493, 507, 508, 509, 510, 511, 512, 513, 514, 515, 516, 517, 518, 519, 520, 521, 522, 523, 524, 525, 526, 527, 528, 529, 530, 531, 532, 533, 534, 535, 536, 537, 538, 539, 540, 541, 542, 543, 544, 545, 546, 547, 548, 549, 550, 551, 552, 553, 554, 555, 566, 567, 568, 569, 570, 571, 572, 573, 574, 575, 576, 577, 578, 579, 580, 581, 582, 583, 584, 585, 586, 587, 588, 589, 590, 591, 592, 593, 594, 595, 596, 597, 598, 599, 600, 601, 602, 603, 604, 605, 606, 607, 608, 609, 610, 611, 612, 613, 614]"
76,u09-Joystick - Mid level autonomy,713,301,88,"[0, 1, 2, 3, 4, 5, 6, 7, 8, 9, 10, 11, 12, 13, 14, 15, 16, 17, 18, 19, 20, 21, 24, 25, 26, 27, 28, 29, 87, 88, 89, 90, 91, 92, 93, 94, 183, 184, 185, 186, 187, 188, 189, 190, 193, 194, 195, 196, 197, 198, 199, 200, 201, 202, 203, 204, 205, 206, 207, 208, 209, 210, 211, 212, 213, 214, 215, 216, 217, 218, 219, 220, 221, 222, 223, 224, 225, 226, 228, 229, 230, 231, 232, 233, 234, 235, 236, 237, 238, 239, 249, 250, 251, 252, 253, 254, 255, 256, 257, 258, 259, 260, 261, 262, 263, 264, 265, 266, 267, 268, 269, 270, 271, 272, 273, 274, 275, 276, 281, 282, 283, 284, 285, 286, 287, 292, 293, 294, 295, 296, 300, 301, 302, 303, 304, 305, 306, 307, 308, 309, 310, 311, 312, 313, 314, 315, 325, 326, 327, 328, 329, 330, 331, 332, 333, 334, 335, 336, 337, 338, 339, 340, 341, 342, 343, 344, 345, 346, 347, 348, 349, 353, 354, 355, 356, 357, 358, 359, 360, 361, 362, 363, 364, 365, 366, 367, 368, 369, 370, 371, 372, 373, 374, 375, 376, 377, 378, 379, 380, 381, 382, 383, 384, 385, 386, 387, 388, 389, 390, 391, 392, 393, 394, 395, 396, 397, 398, 399, 400, 401, 402, 403, 404, 413, 459, 460, 461, 462, 463, 464, 465, 466, 467, 468, 469, 470, 471, 472, 473, 474, 475, 484, 485, 486, 487, 488, 489, 490, 491, 492, 493, 494, 508, 509, 522, 523, 524, 525, 526, 527, 528, 538, 539, 540, 541, 542, 543, 544, 545, 546, 547, 548, 549, 550, 551, 552, 553, 554, 555, 556, 557, 558, 559, 560, 561, 562, 563, 564, 565, 566, 567, 568, 569, 594, 595, 596, 597, 598, 599, 600, 601, 602, 603, 604, 605, 606, 607, 608, 609, 610, 611, 612, 613, 614, 615, 616, 617, 618, 619, 620, 621, 622, 623, 624, 625, 626, 627, 628, 629, 630, 631, 632, 633, 634, 635, 636, 637, 638, 639, 640, 641, 642, 643, 644, 645, 646, 647, 648, 649, 650, 651, 652, 653, 654, 655, 656, 657, 658, 659, 660, 661, 662, 663, 664, 665, 666, 667, 668, 669, 670, 671, 672, 673, 674, 675, 676, 677, 678, 679, 680, 681, 682, 683, 684, 685, 686, 687, 688, 689, 690, 691, 692, 693, 694, 695, 696, 697, 698, 699, 700, 701, 702, 703, 704, 705, 706, 707]"
77,u09-Joystick - Teleoperation,270,177,85,"[86, 87, 88, 89, 90, 91, 92, 93, 94, 95, 96, 97, 98, 99, 100, 101, 102, 103, 104, 105, 106, 107, 108, 109, 110, 111, 112, 113, 114, 115, 116, 117, 118, 119, 120, 121, 122, 123, 124, 125, 126, 127, 128, 129, 130, 131, 132, 133, 134, 135, 136, 137, 138, 139, 140, 141, 142, 145, 146, 147, 148, 149, 154, 155, 156, 157, 163, 164, 165, 198, 205, 206, 207, 208, 209, 210, 211, 212, 213, 214, 219, 220, 221, 222, 223, 225, 229, 249]"
78,u09-Joystick - Trajectory,180,174,173,[0]
79,u09-Joystick - WST,829,653,286,"[0, 38, 39, 51, 338, 357, 358, 359, 360, 361, 362, 363, 364, 365, 366, 367, 368, 369, 370, 371, 372, 373, 374, 375, 376, 377, 378, 379, 380, 381, 382, 383, 384, 385, 386, 387, 388, 389, 390, 391, 392, 511, 512, 513, 514, 515, 516, 537, 538, 539, 559, 560, 561, 562, 563, 583, 584, 585, 586, 587, 588, 589, 590, 591, 592, 593, 594, 595, 596, 597, 598, 599, 600, 601, 602, 603, 604, 605, 606, 607, 608, 609, 610, 611, 612, 613, 614, 615, 616, 629, 631, 642, 643, 644, 645, 723, 724, 725, 726, 727, 728, 747, 748, 749, 750, 751, 752, 753, 754, 755, 756, 757, 758, 759, 760, 761, 762, 763, 764, 765, 766, 767, 768, 769, 770, 771, 772, 773, 774, 775, 776, 777, 778, 779, 780, 781, 782, 783, 784, 785, 786, 787, 788, 789, 790, 791, 792, 793, 794, 795, 796, 797, 798, 799, 800, 801, 802, 803, 804, 805, 806, 807, 808, 809, 813, 814, 816, 821, 822, 823, 824]"
80,u09-Sip-n-puff - Command,238,36,11,"[12, 13, 14, 15, 16, 17, 18, 19, 20, 21, 22, 23, 24, 25, 26, 27, 28, 29, 30, 31, 32, 33, 34, 35, 36, 37, 38, 39, 40, 41, 42, 43, 44, 45, 46, 47, 48, 49, 50, 51, 52, 53, 54, 55, 56, 57, 58, 59, 60, 64, 65, 67, 72, 73, 74, 75, 76, 77, 78, 79, 80, 81, 82, 83, 84, 85, 86, 87, 88, 89, 90, 91, 92, 93, 94, 95, 96, 97, 98, 99, 100, 101, 102, 103, 104, 105, 106, 107, 108, 109, 110, 111, 112, 113, 114, 115, 116, 117, 118, 119, 120, 121, 122, 123, 124, 131, 132, 133, 134, 135, 136, 137, 138, 139, 140, 141, 142, 143, 144, 145, 146, 147, 148, 149, 150, 151, 152, 153, 159, 160, 161, 162, 163, 164, 165, 166, 167, 168, 169, 170, 171, 172, 173, 174, 175, 176, 177, 178, 179, 180, 181, 182, 183, 184, 185, 186, 187, 188, 189, 190, 191, 192, 193, 194, 195, 202, 203, 204, 205, 206, 207, 208, 209, 210, 211, 212, 213, 214, 215, 216, 217, 218, 219, 220, 221, 222, 223, 224, 225, 226, 227, 228, 229, 230, 231, 232, 233]"
81,u09-Sip-n-puff - Teleoperation,945,258,86,"[23, 26, 27, 28, 29, 30, 31, 32, 33, 34, 35, 36, 37, 38, 39, 43, 44, 45, 46, 47, 48, 49, 50, 51, 52, 54, 55, 56, 57, 58, 59, 60, 61, 62, 63, 64, 65, 66, 67, 68, 69, 70, 71, 72, 73, 74, 75, 76, 77, 78, 79, 80, 81, 82, 83, 84, 85, 86, 87, 88, 89, 90, 91, 92, 93, 94, 95, 96, 97, 98, 99, 100, 101, 102, 103, 104, 105, 106, 107, 108, 109, 110, 111, 112, 113, 114, 115, 116, 117, 118, 119, 120, 121, 122, 123, 124, 125, 126, 127, 128, 129, 130, 131, 132, 133, 134, 135, 136, 137, 138, 139, 140, 141, 142, 143, 144, 145, 146, 147, 148, 149, 150, 151, 152, 153, 154, 155, 156, 157, 158, 159, 160, 161, 162, 163, 164, 165, 166, 167, 168, 169, 170, 171, 172, 173, 174, 175, 176, 177, 178, 179, 180, 181, 182, 183, 184, 185, 186, 187, 188, 189, 190, 191, 192, 193, 194, 195, 196, 197, 198, 199, 200, 201, 202, 203, 204, 205, 206, 207, 208, 209, 210, 211, 212, 213, 214, 215, 216, 217, 218, 219, 220, 221, 222, 223, 224, 225, 226, 227, 228, 229, 230, 231, 232, 233, 234, 235, 236, 237, 238, 239, 240, 241, 242, 243, 244, 245, 247, 248, 249, 250, 251, 252, 253, 254, 255, 256, 257, 258, 259, 260, 261, 262, 263, 264, 265, 266, 267, 268, 269, 293, 294, 295, 296, 297, 301, 302, 303, 304, 311, 312, 313, 314, 315, 316, 317, 318, 319, 320, 321, 322, 323, 324, 325, 326, 327, 328, 329, 330, 331, 332, 333, 334, 335, 336, 337, 338, 339, 340, 341, 342, 343, 344, 345, 346, 347, 348, 349, 350, 351, 352, 353, 354, 355, 356, 357, 358, 359, 360, 365, 366, 367, 368, 369, 372, 373, 374, 375, 376, 377, 378, 379, 380, 381, 382, 383, 384, 385, 386, 387, 388, 389, 390, 391, 392, 393, 394, 395, 396, 397, 398, 399, 400, 401, 402, 403, 404, 405, 406, 407, 408, 409, 410, 411, 412, 413, 414, 415, 416, 417, 418, 419, 420, 421, 422, 423, 424, 425, 426, 427, 428, 429, 430, 431, 432, 433, 434, 435, 436, 437, 438, 439, 440, 441, 442, 443, 444, 445, 446, 447, 448, 449, 450, 451, 452, 453, 454, 455, 456, 457, 458, 459, 460, 461, 462, 463, 464, 465, 466, 467, 468, 469, 470, 471, 472, 473, 474, 475, 476, 477, 478, 479, 566, 567, 568, 569, 570, 571, 572, 573, 574, 575, 576, 577, 578, 579, 580, 581, 582, 583, 584, 585, 586, 587, 588, 589, 590, 591, 592, 593, 594, 595, 596, 597, 598, 599, 600, 601, 602, 603, 604, 605, 606, 607, 608, 609, 610, 611, 612, 613, 614, 615, 616, 617, 618, 624, 625, 626, 632, 633, 634, 635, 636, 684, 685, 686, 687, 688, 689, 690, 691, 692, 693, 697, 698, 699, 700, 701, 702, 703, 704, 746, 747, 748, 749, 750, 751, 752, 753, 754, 755, 756, 757, 758, 759, 760, 761, 762, 763, 764, 765, 766, 767, 768, 769, 770, 771, 772, 773, 774, 775, 776, 777, 778, 779, 780, 781, 782, 783, 784, 785, 786, 787, 788, 789, 790, 791, 792, 793, 794, 796, 797, 798, 799, 800, 801, 802, 803, 804, 805, 806, 807, 808, 809, 810, 811, 812, 813, 814, 815, 817, 818, 819, 820, 821, 822, 823, 824, 825, 826, 827, 828, 829, 830, 831, 832, 833, 834, 835, 836, 837, 838, 839, 840, 841, 842, 843, 844, 845, 846, 847, 848, 849, 850, 851, 852, 853, 854, 855, 856, 857, 858, 859, 860, 861, 862, 863, 864, 865, 866, 867, 868, 869, 870, 871, 872, 873, 874, 876, 877, 878, 879, 880, 881, 882, 883, 884, 885, 886, 887, 888, 889, 890, 891, 892, 893, 894, 895, 896, 897, 898, 899, 900, 901, 902, 903, 904, 906, 907, 908, 909, 910, 911, 912, 913, 914, 915, 916, 917, 918, 919, 920, 921, 922, 923, 924, 925, 926, 927, 928, 929, 930, 931, 932, 933, 934, 935, 936, 937, 938, 939, 940]"
82,u09-Sip-n-puff - Trajectory,270,103,30,"[0, 1, 2, 3, 4, 5, 6, 7, 8, 9, 10, 11, 12, 13, 14, 34, 35, 36, 37, 38, 40, 41, 42, 43, 44, 45, 46, 47, 48, 49, 50, 51, 57, 58, 59, 60, 61, 68, 69, 70, 71, 72, 73, 74, 75, 76, 77, 78, 79, 80, 81, 82, 83, 84, 85, 86, 87, 88, 89, 90, 121, 122, 123, 129, 130, 131, 132, 133, 134, 137, 140, 141, 142, 143, 146, 147, 148, 149, 150, 151, 152, 153, 154, 155, 156, 157, 158, 159, 160, 161, 173, 174, 175, 176, 177, 178, 184, 191, 192, 193, 194, 195, 196, 197, 198, 199, 200, 201, 202, 204, 205, 206, 207, 208, 209, 210, 211, 212, 213, 214, 215, 216, 217, 218, 219, 220, 221, 222, 223, 224, 225, 226, 227, 228, 229, 230, 231, 232, 233, 234, 235, 236, 237, 238, 239, 240, 241, 242, 243, 244, 245, 246, 247, 248, 249, 250, 251, 252, 253, 254, 255, 262]"
83,u09-Sip-n-puff - WST,1255,763,201,"[0, 1, 2, 3, 4, 5, 6, 7, 8, 9, 10, 11, 12, 13, 14, 15, 16, 17, 18, 19, 20, 21, 22, 23, 24, 25, 26, 27, 28, 29, 30, 32, 33, 34, 35, 36, 63, 65, 66, 155, 156, 157, 158, 159, 160, 181, 182, 183, 184, 203, 204, 205, 206, 207, 221, 222, 223, 224, 225, 226, 227, 228, 229, 230, 231, 232, 233, 234, 235, 236, 237, 238, 239, 240, 241, 242, 243, 244, 245, 246, 247, 248, 249, 250, 251, 252, 253, 254, 255, 256, 257, 258, 259, 260, 275, 287, 288, 289, 367, 368, 369, 370, 371, 372, 387, 388, 389, 390, 391, 392, 393, 394, 395, 396, 397, 398, 399, 400, 401, 402, 403, 404, 405, 406, 407, 408, 409, 410, 411, 412, 413, 414, 415, 416, 417, 418, 419, 420, 421, 422, 423, 424, 425, 426, 427, 428, 429, 430, 431, 432, 433, 434, 435, 436, 437, 438, 439, 440, 441, 442, 443, 444, 445, 446, 447, 448, 449, 450, 458, 459, 460, 461, 462, 463, 464, 465, 466, 467, 468, 469, 470, 471, 472, 473, 474, 475, 476, 477, 478, 479, 480, 481, 482, 506, 507, 508, 509, 510, 511, 512, 513, 514, 515, 516, 517, 518, 519, 520, 521, 522, 523, 524, 525, 526, 527, 528, 529, 530, 531, 532, 533, 534, 535, 536, 537, 538, 539, 540, 557, 558, 559, 567, 568, 569, 570, 571, 572, 573, 574, 575, 576, 577, 578, 579, 580, 581, 582, 583, 584, 585, 586, 587, 588, 590, 591, 592, 593, 594, 595, 596, 597, 598, 599, 600, 601, 602, 603, 604, 605, 606, 607, 608, 609, 610, 611, 612, 613, 614, 615, 616, 617, 618, 619, 620, 621, 622, 623, 624, 625, 626, 627, 628, 629, 630, 631, 632, 633, 634, 635, 636, 637, 638, 639, 640, 641, 642, 643, 644, 646, 648, 650, 656, 657, 658, 659, 660, 661, 662, 663, 664, 665, 666, 667, 668, 669, 670, 671, 672, 673, 674, 675, 676, 677, 678, 679, 680, 681, 682, 683, 684, 685, 686, 687, 688, 689, 690, 691, 692, 693, 694, 695, 696, 697, 698, 699, 700, 701, 702, 703, 704, 705, 706, 707, 708, 709, 710, 711, 712, 713, 714, 715, 716, 717, 718, 719, 720, 721, 722, 723, 724, 725, 726, 727, 728, 729, 730, 731, 732, 733, 734, 735, 736, 737, 738, 739, 740, 741, 742, 743, 744, 745, 746, 747, 748, 749, 750, 751, 752, 753, 754, 755, 756, 757, 758, 759, 760, 761, 762, 763, 764, 765, 766, 767, 768, 769, 770, 771, 772, 773, 774, 775, 776, 777, 778, 779, 780, 781, 782, 783, 784, 785, 786, 787, 788, 789, 790, 791, 792, 793, 794, 837, 1039, 1048, 1049, 1050, 1051, 1052, 1061, 1062, 1063, 1064, 1065, 1066, 1067, 1068, 1069, 1070, 1071, 1072, 1073, 1074, 1075, 1076, 1077, 1078, 1079, 1226, 1241, 1242, 1243, 1244, 1245, 1246, 1247, 1248, 1249, 1250]"
84,u13-Headarray - Command,144,80,25,"[0, 1, 2, 8, 9, 10, 11, 12, 33, 34, 35, 36, 37, 53, 54, 55, 67, 68, 69, 70, 71, 72, 73, 74, 75, 76, 102, 103, 104, 105, 106, 107, 108, 109, 110, 111, 113, 114, 115, 116, 117, 118, 119, 120, 121, 122, 123, 124, 125, 126, 127, 128, 129, 130, 131, 132, 133, 134, 135]"
85,u13-Headarray - Low level autonomy,615,443,258,"[0, 14, 44, 45, 46, 47, 48, 49, 50, 51, 52, 53, 54, 55, 56, 57, 58, 59, 60, 67, 68, 69, 70, 71, 85, 86, 87, 346, 347, 348, 349, 350, 351, 352, 353, 354, 357, 358, 359, 360, 361, 380, 386, 387, 388, 389, 390, 391, 392, 393, 394, 395, 396, 397, 398, 399, 400, 415, 416, 417, 418, 419, 420, 421, 422, 423, 424, 425, 436, 437, 439, 440, 466, 468, 476, 477, 478, 479, 480, 481, 482, 483, 484, 485, 486, 487, 488, 489, 490, 491, 492, 493, 494, 495, 496, 497, 498, 508, 516, 519, 520, 521, 522, 523, 524, 525, 526, 527, 528, 529, 530, 531, 532, 533, 534, 535, 536, 537, 538, 539, 540, 545, 546, 547, 548, 549, 550, 551, 552, 553, 554, 555, 556, 557, 558, 559, 560, 561, 562, 563, 564, 565, 566, 567, 568, 569, 570, 571, 572, 573, 574, 578, 579, 580, 581, 582, 583, 584, 585, 586, 587, 588, 589, 590, 593, 594, 606]"
86,u13-Headarray - Mid level autonomy,900,651,73,"[0, 12, 13, 14, 22, 28, 29, 84, 85, 86, 87, 122, 123, 124, 125, 126, 152, 153, 183, 184, 185, 186, 204, 205, 206, 207, 208, 209, 221, 222, 223, 224, 225, 226, 227, 228, 229, 230, 231, 232, 233, 234, 235, 236, 237, 238, 239, 240, 271, 272, 273, 274, 275, 277, 296, 297, 298, 299, 300, 301, 302, 303, 304, 305, 306, 307, 308, 309, 310, 311, 312, 313, 314, 315, 316, 317, 318, 319, 324, 325, 326, 327, 328, 329, 339, 340, 350, 354, 356, 357, 358, 359, 360, 361, 362, 363, 364, 365, 366, 367, 368, 369, 370, 371, 372, 373, 374, 375, 376, 392, 393, 394, 395, 401, 402, 403, 404, 405, 406, 407, 408, 409, 410, 411, 412, 413, 414, 415, 416, 417, 418, 419, 420, 461, 476, 477, 478, 479, 480, 481, 482, 483, 484, 485, 486, 487, 488, 489, 490, 491, 492, 493, 506, 507, 508, 509, 510, 584, 595, 656, 657, 658, 659, 660, 665, 666, 667, 668, 706, 707, 708, 709, 710, 711, 712, 713, 717, 718, 719, 720, 721, 722, 723, 724, 725, 726, 727, 728, 729, 730, 731, 732, 733, 734, 735, 736, 737, 738, 739, 740, 741, 742, 743, 744, 745, 746, 747, 748, 749, 750, 765, 766, 767, 768, 775, 776, 786, 787, 788, 789, 790, 806, 807, 808, 809, 810, 811, 812, 813, 814, 815, 816, 817, 818, 819, 820, 821, 822, 823, 824, 825, 868, 869, 871]"
87,u13-Headarray - Teleoperation,375,208,33,"[0, 27, 28, 29, 30, 41, 45, 63, 64, 65, 66, 67, 71, 72, 73, 74, 75, 76, 77, 78, 79, 80, 81, 82, 83, 84, 85, 86, 87, 88, 89, 90, 91, 92, 93, 94, 95, 96, 97, 98, 99, 100, 101, 102, 103, 104, 105, 106, 107, 108, 109, 110, 111, 118, 119, 120, 148, 167, 168, 188, 189, 192, 197, 198, 199, 200, 201, 202, 203, 204, 205, 206, 213, 214, 215, 217, 227, 261, 262, 263, 264, 277, 278, 279, 280, 281, 282, 283, 284, 285, 286, 287, 288, 289, 290, 291, 292, 293, 294, 295, 296, 297, 298, 299, 300, 301, 302, 303, 304, 305, 306, 307, 308, 309, 310, 311, 312, 313, 314, 315, 316, 317, 318, 319, 320, 321, 322, 323, 324, 325, 326, 327, 328, 329, 330, 331, 332, 333, 334, 335, 341, 342, 343, 344, 345, 346, 347, 348, 349, 350, 351, 352, 353, 354, 355, 356, 357, 358, 359, 360, 363, 364]"
88,u13-Headarray - Trajectory,165,110,45,"[0, 1, 2, 3, 4, 15, 16, 17, 18, 19, 25, 26, 27, 28, 29, 30, 31, 36, 37, 38, 39, 40, 42, 43, 44, 45, 46, 47, 48, 49, 50, 51, 52, 54, 55, 56, 57, 58, 59, 60, 61, 62, 63, 65, 66, 84, 85, 86, 93, 139]"
89,u13-Headarray - WST,885,767,72,"[0, 14, 17, 18, 21, 30, 31, 32, 33, 34, 35, 55, 80, 84, 90, 103, 120, 121, 122, 123, 124, 133, 134, 159, 160, 161, 162, 178, 179, 230, 231, 232, 233, 236, 243, 244, 245, 246, 247, 293, 294, 295, 296, 297, 313, 357, 358, 359, 360, 361, 362, 363, 364, 365, 366, 367, 368, 369, 370, 377, 394, 407, 408, 409, 410, 411, 426, 427, 428, 429, 430, 459, 460, 461, 462, 463, 536, 537, 538, 539, 583, 584, 635, 636, 642, 694, 695, 696, 697, 698, 741, 742, 762, 763, 764, 765, 766, 825, 826, 827, 828, 829, 830, 836, 837, 838, 839, 840, 854, 855, 856, 858, 875]"
90,u13-Joystick - Command,135,108,50,"[51, 57, 58, 59, 60, 61, 62, 63, 64, 65, 66, 67, 68, 69, 70, 71, 72, 76, 77, 78, 79, 80]"
91,u13-Joystick - Low level autonomy,291,246,121,"[23, 24, 42, 43, 44, 45, 46, 47, 48, 49, 50, 51, 52, 53, 54, 55, 56, 59, 103, 106, 107, 229, 266, 267, 268, 269, 270, 271, 272, 273, 274, 275, 276, 277, 281, 282, 283, 284, 285, 286]"
92,u13-Joystick - Mid level autonomy,630,372,91,"[0, 42, 48, 140, 141, 142, 143, 144, 145, 150, 151, 152, 156, 157, 158, 159, 160, 161, 162, 163, 169, 196, 197, 199, 200, 201, 202, 203, 204, 205, 206, 207, 208, 209, 225, 226, 227, 228, 229, 230, 231, 232, 234, 245, 246, 247, 248, 249, 294, 296, 297, 298, 299, 300, 301, 302, 303, 304, 305, 306, 307, 308, 309, 310, 311, 312, 313, 314, 315, 326, 327, 328, 329, 330, 331, 332, 333, 334, 335, 336, 337, 338, 339, 340, 341, 342, 343, 344, 345, 346, 347, 355, 356, 357, 358, 359, 360, 361, 362, 363, 364, 365, 366, 367, 368, 369, 370, 371, 372, 373, 374, 375, 376, 377, 378, 379, 380, 381, 382, 383, 384, 385, 390, 397, 398, 399, 400, 401, 402, 403, 404, 405, 425, 426, 427, 428, 444, 445, 446, 448, 453, 454, 455, 456, 457, 484, 485, 486, 487, 488, 490, 491, 492, 493, 494, 495, 496, 497, 498, 499, 500, 501, 502, 503, 504, 505, 506, 507, 508, 509, 510, 511, 512, 513, 514, 515, 516, 517, 518, 519, 520, 521, 522, 523, 524, 525, 526, 527, 528, 529, 530, 531, 532, 533, 534, 535, 536, 537, 538, 539, 540, 541, 542, 543, 544, 545, 546, 547, 548, 549, 550, 551, 552, 553, 554, 555, 556, 557, 558, 559, 560, 561, 562, 563, 564, 565, 566, 567, 568, 569, 570, 578, 579, 580, 581, 582, 583, 584, 585, 586, 587, 588, 589, 590, 591, 592, 593, 594, 595, 596, 597, 598, 599]"
93,u13-Joystick - Teleoperation,240,174,42,"[0, 9, 10, 41, 49, 50, 51, 52, 53, 54, 55, 63, 65, 66, 71, 72, 73, 74, 75, 76, 78, 79, 80, 81, 82, 83, 84, 85, 86, 87, 88, 89, 90, 91, 92, 93, 94, 95, 96, 97, 98, 99, 100, 101, 118, 119, 120, 163, 171, 181, 214, 217, 218, 219, 220, 224, 225, 226, 227, 228, 230]"
94,u13-Joystick - Trajectory,135,100,35,"[0, 10, 11, 12, 13, 14, 15, 16, 52, 53, 54, 55, 56, 57, 58, 82, 83, 84, 85, 86, 99, 100, 101, 102, 103, 120, 121, 122, 123, 124]"
95,u13-Joystick - WST,615,505,90,"[17, 18, 19, 20, 21, 45, 46, 47, 48, 49, 50, 53, 54, 55, 56, 57, 58, 61, 63, 64, 65, 66, 67, 68, 69, 71, 72, 73, 74, 75, 166, 167, 168, 169, 170, 171, 210, 216, 217, 218, 220, 241, 242, 243, 244, 245, 246, 258, 259, 260, 331, 332, 333, 334, 335, 336, 337, 338, 356, 357, 371, 372, 373, 374, 387, 389, 390, 440, 442, 443, 444, 446, 447, 448, 449, 450, 455, 461, 479, 480, 506, 507, 508, 509, 510, 511, 547, 566, 567, 568, 569, 570, 571, 572, 573, 574, 575, 576, 577, 578, 579, 580, 581, 582, 607]"
96,u13-Sip-n-puff - Command,240,128,40,"[0, 41, 42, 43, 44, 45, 46, 47, 48, 49, 50, 51, 52, 53, 54, 55, 56, 57, 58, 59, 60, 61, 71, 79, 81, 82, 83, 84, 85, 86, 87, 88, 89, 90, 91, 92, 93, 94, 95, 96, 97, 98, 99, 100, 101, 102, 103, 104, 105, 106, 107, 108, 109, 110, 111, 112, 113, 114, 115, 116, 117, 124, 125, 127, 128, 129, 130, 131, 132, 133, 134, 135, 136, 137, 141, 142, 143, 144, 145, 146, 147, 148, 149, 150, 151, 152, 153, 157, 159, 179, 182, 188, 189, 190, 191, 198, 200, 202, 206, 207, 208, 209, 210, 211, 212, 220, 226]"
97,u13-Sip-n-puff - Teleoperation,791,572,88,"[0, 1, 4, 5, 6, 7, 8, 9, 10, 11, 12, 13, 14, 15, 16, 33, 63, 64, 65, 66, 102, 103, 104, 105, 106, 107, 108, 110, 111, 112, 113, 114, 115, 116, 117, 118, 119, 120, 121, 122, 123, 124, 125, 126, 127, 128, 130, 131, 132, 133, 134, 135, 163, 164, 165, 166, 167, 248, 249, 250, 251, 252, 278, 279, 280, 281, 311, 313, 314, 315, 325, 326, 327, 328, 329, 330, 331, 332, 333, 334, 344, 352, 356, 357, 358, 359, 360, 361, 362, 363, 364, 365, 366, 367, 368, 369, 370, 371, 372, 373, 374, 375, 387, 388, 389, 390, 391, 397, 398, 399, 400, 401, 424, 425, 426, 427, 428, 429, 430, 431, 432, 433, 434, 435, 436, 437, 438, 439, 440, 441, 442, 443, 444, 445, 446, 447, 448, 449, 450, 453, 454, 455, 456, 457, 473, 489, 491, 492, 493, 494, 495, 496, 497, 498, 499, 500, 501, 502, 503, 504, 505, 506, 507, 508, 509, 510, 517, 518, 519, 520, 521, 522, 523, 524, 525, 526, 535, 536, 537, 538, 539, 540, 541, 542, 543, 544, 609, 610, 611, 612, 613, 614, 615, 616, 617, 618, 619, 708, 710, 732, 733, 734, 735, 736, 777, 778, 779, 780, 781, 782, 783, 784, 785, 786]"
98,u13-Sip-n-puff - Trajectory,300,278,257,"[0, 10, 11, 12, 13, 14, 272, 273, 275, 276, 277, 278, 279, 280, 281, 282, 283]"
99,u13-Sip-n-puff - WST,1035,836,87,"[0, 24, 25, 26, 32, 39, 40, 85, 86, 87, 88, 99, 100, 101, 102, 131, 146, 147, 148, 149, 150, 232, 234, 235, 236, 238, 250, 259, 260, 261, 325, 326, 327, 328, 329, 388, 389, 390, 391, 392, 393, 394, 395, 417, 418, 419, 420, 421, 453, 454, 455, 456, 457, 478, 479, 480, 481, 482, 483, 484, 490, 493, 581, 582, 583, 584, 585, 586, 587, 588, 589, 590, 591, 594, 595, 596, 597, 598, 599, 600, 610, 611, 612, 613, 614, 615, 616, 617, 653, 654, 655, 656, 691, 696, 697, 698, 699, 700, 730, 731, 732, 740, 741, 742, 745, 746, 747, 748, 749, 750, 751, 776, 777, 778, 779, 780, 781, 783, 789, 790, 791, 792, 793, 794, 795, 816, 822, 823, 829, 830, 831, 832, 836, 837, 838, 839, 840, 841, 858, 859, 860, 861, 862, 863, 867, 868, 869, 870, 871, 872, 873, 874, 881, 882, 883, 884, 885, 886, 888, 889, 890, 891, 892, 893, 894, 895, 896, 897, 898, 899, 900, 901, 902, 903, 904, 905, 906, 908, 912, 925, 926, 929, 947, 970, 971, 979, 990, 991, 992, 994, 1022, 1025, 1026, 1028]"
100,u14-Headarray - Command,135,41,21,"[0, 22, 23, 24, 25, 26, 27, 33, 34, 36, 37, 52, 53, 54, 55, 56, 58, 59, 60, 61, 62, 63, 64, 65, 66, 67, 68, 69, 70, 71, 72, 73, 74, 75, 76, 77, 78, 79, 80, 81, 82, 83, 84, 85, 86, 87, 88, 89, 90, 91, 92, 93, 94, 95, 96, 97, 98, 99, 100, 101, 102, 103, 104, 105, 106, 107, 108, 109, 110, 111, 112, 113, 114, 115, 116, 117, 118, 119, 120, 121, 122, 123, 124, 125, 126, 127, 128, 129, 130]"
101,u14-Headarray - Low level autonomy,270,221,49,"[0, 10, 11, 12, 14, 64, 65, 68, 108, 128, 142, 143, 144, 146, 173, 176, 177, 192, 194, 195, 212, 225, 226, 228, 235, 236, 237, 238, 239, 240, 241, 242, 243, 245, 246, 247, 248, 249, 250, 251, 252, 253, 254, 255]"
102,u14-Headarray - Mid level autonomy,795,651,87,"[12, 58, 146, 157, 158, 159, 160, 161, 162, 163, 164, 165, 190, 191, 192, 193, 194, 198, 260, 261, 273, 274, 295, 296, 297, 299, 330, 331, 342, 343, 346, 347, 348, 353, 354, 361, 362, 363, 364, 365, 367, 368, 369, 370, 371, 372, 401, 402, 403, 404, 405, 427, 429, 430, 431, 442, 443, 444, 445, 446, 448, 449, 450, 451, 452, 453, 457, 458, 459, 460, 461, 468, 469, 470, 471, 487, 491, 534, 535, 538, 541, 542, 566, 567, 568, 569, 570, 571, 573, 574, 575, 576, 577, 600, 628, 629, 630, 631, 632, 637, 638, 639, 640, 641, 642, 643, 644, 645, 646, 647, 648, 649, 650, 688, 689, 690, 691, 692, 708, 709, 716, 717, 726, 727, 728, 729, 730, 733, 734, 735, 736, 737, 750, 751, 752, 753, 754, 781, 785]"
103,u14-Headarray - Teleoperation,255,207,50,"[0, 3, 5, 20, 21, 22, 24, 33, 34, 35, 36, 72, 123, 124, 125, 126, 127, 128, 129, 130, 131, 132, 133, 134, 158, 159, 160, 161, 162, 167, 169, 170, 186, 187, 188, 189, 228, 229, 230, 231, 232, 241, 242]"
104,u14-Headarray - Trajectory,150,115,25,"[4, 5, 6, 7, 8, 11, 12, 14, 17, 20, 21, 22, 23, 24, 36, 37, 43, 44, 45, 49, 50, 51, 53, 75, 76, 77, 78, 100, 117, 120]"
105,u14-Headarray - WST,630,427,50,"[0, 3, 7, 10, 11, 14, 42, 43, 44, 46, 47, 48, 49, 50, 51, 52, 85, 86, 87, 88, 89, 90, 91, 92, 93, 94, 95, 96, 97, 98, 99, 100, 101, 102, 103, 104, 105, 107, 108, 109, 123, 124, 125, 126, 127, 128, 129, 130, 131, 132, 133, 134, 159, 161, 162, 163, 164, 165, 166, 167, 168, 169, 170, 171, 172, 173, 174, 175, 176, 177, 178, 179, 180, 181, 182, 183, 184, 185, 204, 218, 221, 222, 224, 225, 237, 238, 239, 240, 241, 247, 248, 256, 307, 308, 309, 310, 336, 337, 338, 342, 343, 344, 345, 373, 374, 375, 376, 377, 386, 387, 388, 389, 390, 391, 392, 393, 394, 395, 396, 397, 398, 399, 400, 401, 402, 403, 404, 405, 409, 410, 412, 413, 441, 442, 443, 445, 451, 452, 453, 454, 455, 461, 465, 467, 468, 469, 476, 477, 478, 479, 480, 481, 482, 483, 484, 485, 486, 487, 488, 489, 490, 491, 492, 493, 494, 495, 496, 497, 498, 499, 500, 501, 502, 503, 504, 505, 506, 507, 508, 509, 510, 511, 514, 515, 516, 517, 518, 519, 520, 521, 522, 523, 526, 544, 550, 551, 600, 621]"
106,u14-Joystick - Command,134,119,46,"[0, 4, 51, 52, 53, 54, 88, 89, 90, 109]"
107,u14-Joystick - Low level autonomy,465,338,47,"[0, 48, 49, 50, 51, 52, 57, 58, 59, 60, 61, 62, 63, 64, 65, 66, 67, 68, 100, 101, 102, 142, 146, 147, 148, 149, 150, 154, 169, 170, 171, 172, 173, 200, 201, 224, 226, 227, 228, 229, 230, 231, 232, 234, 235, 236, 237, 238, 239, 241, 242, 245, 246, 247, 248, 249, 250, 251, 252, 253, 262, 263, 264, 279, 280, 281, 290, 291, 292, 293, 294, 295, 296, 297, 298, 299, 300, 302, 303, 306, 307, 326, 341, 342, 343, 344, 345, 346, 347, 348, 349, 350, 351, 352, 353, 354, 355, 356, 357, 358, 359, 360, 364, 365, 366, 367, 368, 370, 371, 385, 407, 408, 409, 410, 432, 434, 435, 436, 437, 438, 439, 450]"
108,u14-Joystick - Mid level autonomy,569,407,32,"[0, 14, 15, 16, 17, 31, 37, 39, 40, 41, 43, 65, 66, 67, 100, 101, 102, 103, 109, 110, 131, 132, 133, 134, 138, 139, 140, 142, 148, 151, 152, 154, 155, 156, 157, 158, 159, 160, 176, 178, 179, 180, 181, 182, 183, 209, 210, 222, 233, 234, 235, 236, 237, 240, 241, 242, 243, 244, 251, 252, 253, 254, 265, 278, 279, 280, 304, 306, 307, 308, 341, 343, 344, 345, 374, 375, 376, 377, 378, 379, 387, 388, 389, 390, 391, 398, 399, 400, 401, 402, 407, 408, 409, 410, 411, 415, 416, 417, 418, 419, 420, 421, 422, 423, 424, 425, 426, 427, 442, 443, 444, 445, 446, 448, 454, 455, 456, 457, 465, 466, 467, 468, 469, 470, 471, 472, 473, 480, 484, 490, 491, 492, 493, 494, 495, 496, 497, 498, 510, 511, 518, 519, 520, 521, 522, 534, 535, 536, 537, 538, 555, 556, 557, 558, 559, 560, 561]"
109,u14-Joystick - Teleoperation,225,197,49,"[0, 1, 9, 10, 11, 12, 13, 39, 40, 41, 43, 93, 94, 97, 137, 157, 172, 173, 175, 176, 208, 209, 210]"
110,u14-Joystick - Trajectory,165,157,139,"[0, 20, 21]"
111,u14-Joystick - WST,765,546,39,"[0, 3, 9, 10, 11, 12, 13, 14, 15, 16, 17, 18, 19, 20, 21, 22, 23, 24, 26, 27, 28, 29, 30, 31, 32, 33, 34, 35, 36, 37, 39, 40, 41, 42, 43, 44, 45, 46, 47, 48, 49, 56, 57, 58, 59, 60, 61, 62, 63, 64, 65, 66, 67, 73, 74, 92, 93, 99, 100, 101, 123, 163, 177, 178, 202, 203, 204, 205, 206, 207, 246, 247, 284, 285, 286, 296, 297, 300, 304, 318, 319, 320, 321, 325, 326, 327, 328, 329, 330, 331, 332, 333, 334, 337, 338, 339, 340, 341, 342, 343, 344, 345, 346, 347, 348, 349, 350, 354, 356, 357, 358, 359, 360, 361, 362, 363, 364, 365, 366, 367, 368, 369, 370, 371, 372, 373, 375, 378, 379, 386, 387, 388, 389, 390, 391, 399, 400, 401, 402, 420, 421, 422, 423, 424, 425, 427, 447, 448, 449, 450, 451, 452, 453, 454, 455, 456, 463, 500, 501, 502, 503, 504, 505, 506, 507, 508, 514, 515, 516, 517, 518, 527, 530, 531, 532, 533, 534, 546, 547, 549, 553, 559, 560, 561, 562, 563, 583, 610, 627, 657, 660, 661, 680, 681, 682, 683, 684, 719, 720, 721, 722, 735, 736, 737, 738, 739, 745, 746, 747, 748, 749, 756, 757, 758]"
112,u14-Sip-n-puff - Command,240,188,59,"[60, 61, 62, 63, 86, 87, 88, 89, 90, 91, 92, 93, 94, 98, 99, 100, 101, 102, 103, 104, 107, 154, 155, 156, 157, 158, 163, 164, 165, 166, 167, 168, 169, 170, 171, 172, 173, 174, 175, 176, 177, 198, 199, 200, 201, 202, 220]"
113,u14-Sip-n-puff - Teleoperation,510,378,54,"[0, 4, 5, 27, 28, 29, 30, 31, 32, 33, 34, 35, 36, 37, 38, 39, 40, 41, 42, 43, 44, 45, 62, 63, 64, 65, 66, 87, 88, 89, 90, 109, 110, 111, 112, 113, 127, 128, 129, 130, 131, 147, 148, 149, 150, 151, 152, 153, 154, 155, 156, 157, 158, 159, 160, 161, 162, 163, 164, 165, 174, 175, 176, 178, 206, 207, 208, 209, 239, 241, 296, 297, 298, 299, 300, 301, 302, 303, 304, 305, 306, 307, 331, 332, 333, 334, 335, 340, 342, 343, 349, 350, 351, 352, 353, 359, 360, 361, 362, 363, 401, 402, 403, 404, 405, 416, 425, 426, 427, 428, 444, 445, 463, 471, 472, 473, 475, 477, 478, 479, 480, 481, 488, 489, 490, 491, 492]"
114,u14-Sip-n-puff - Trajectory,240,195,47,"[0, 18, 19, 20, 21, 22, 26, 39, 87, 88, 89, 101, 123, 124, 125, 144, 158, 174, 175, 176, 181, 182, 183, 189, 190, 191, 192, 193, 194, 195, 196, 197, 198, 199, 200, 229, 230, 231, 232, 233]"
115,u14-Sip-n-puff - WST,1080,689,38,"[0, 13, 14, 24, 41, 42, 43, 44, 45, 73, 74, 75, 76, 77, 86, 87, 88, 89, 94, 95, 96, 97, 98, 100, 101, 102, 103, 104, 105, 109, 110, 142, 146, 147, 148, 150, 151, 152, 153, 154, 155, 161, 168, 169, 170, 172, 176, 177, 178, 179, 180, 181, 182, 183, 184, 185, 186, 187, 188, 189, 190, 191, 192, 193, 194, 195, 196, 197, 198, 199, 200, 201, 202, 203, 204, 205, 206, 207, 208, 209, 210, 214, 215, 216, 217, 218, 219, 220, 221, 222, 223, 231, 232, 250, 256, 258, 259, 281, 282, 321, 335, 336, 360, 361, 362, 363, 364, 365, 404, 405, 442, 443, 444, 445, 454, 455, 456, 462, 463, 466, 477, 478, 479, 481, 483, 484, 485, 486, 487, 488, 489, 490, 491, 492, 493, 494, 495, 496, 497, 498, 499, 500, 501, 502, 503, 504, 505, 506, 507, 508, 514, 515, 516, 517, 518, 519, 520, 521, 522, 523, 524, 525, 526, 527, 528, 529, 530, 531, 533, 536, 537, 544, 545, 546, 547, 548, 549, 557, 558, 559, 560, 578, 579, 580, 581, 582, 583, 585, 586, 596, 597, 598, 599, 600, 601, 602, 603, 604, 605, 606, 607, 608, 609, 610, 611, 612, 613, 614, 621, 658, 659, 660, 661, 662, 663, 664, 665, 666, 672, 673, 674, 675, 676, 685, 688, 689, 690, 691, 692, 704, 705, 711, 712, 717, 718, 719, 720, 721, 741, 768, 785, 788, 815, 818, 819, 838, 839, 840, 841, 842, 876, 877, 878, 879, 880, 893, 894, 895, 896, 897, 903, 904, 905, 906, 907, 922, 923, 924, 925, 926, 927, 928, 929, 930, 931, 932, 933, 934, 935, 936, 937, 938, 939, 940, 941, 942, 943, 944, 945, 946, 947, 948, 949, 950, 951, 952, 953, 954, 955, 956, 957, 958, 959, 960, 961, 962, 963, 964, 965, 966, 967, 968, 969, 970, 971, 972, 973, 974, 975, 976, 977, 978, 979, 980, 981, 982, 983, 984, 985, 986, 987, 988, 989, 990, 991, 992, 993, 994, 995, 996, 997, 998, 999, 1000, 1001, 1002, 1005, 1006, 1007, 1008, 1009, 1010, 1021, 1022, 1023, 1024, 1025, 1026, 1034, 1035, 1036, 1037, 1038, 1039, 1040, 1041, 1042, 1043, 1044, 1045, 1046, 1049, 1050, 1051, 1052, 1053, 1054, 1055, 1058, 1063, 1064, 1065, 1066, 1067, 1068, 1069]"
