,Task,SDNN,RMSSD,ulf,vlf,lf,hf,lfhf,SD1,SD2,SD1SD2,ApEn
0,s00_HA_A0_2,24.6435875,34.7082725,6.623748000000001,90.92169,97.4060225,346.805325,0.28250000000000003,24.7096625,24.575705,1.0056602,0.10798965
1,s00_HA_A0_3,20.82600823529412,22.78545705882353,10.997320941176472,121.96695470588234,95.58645882352941,180.21524117647058,0.5247058823529411,16.22646705882353,24.56791588235294,0.6586781176470589,0.12671051647058823
2,s01_HA_A0_1,32.571380235341366,22.552171592168676,65.57502189136044,878.6511127871485,538.2962186345381,287.094057997992,1.6232971887550205,16.038828284738955,42.939047981124496,0.3203577817148594,0.43225680093373503
3,s01_HA_A0_2,32.62305157587477,23.693090297790054,43.79682767816354,692.3872706095765,611.8682020478823,319.79423623572745,1.6769981583793736,16.849572397790055,42.81380320110497,0.33592413426151013,0.45480489340699815
4,s01_HA_A0_3,33.71017414935544,24.302803678821363,46.22769416534004,752.7650065740332,639.3171960276244,335.02218129097605,1.6393977900552485,17.28542995819521,44.31665456482505,0.3321984007532229,0.4543810622394107
5,s01_HA_A0_4,37.313721482993195,26.440261567006797,89.98201139533062,946.7113410311223,769.773108234694,389.2339499353741,1.629732993197279,18.80387976802721,49.233895808503405,0.3324599719795918,0.47381204254761905
6,s01_HA_A0_5,45.12695831710914,33.26469369026549,93.53638642267109,1133.1623891533923,1132.452839958702,591.4753310221239,1.724289085545723,23.668245758702064,59.213802329941004,0.3477479466725663,0.44306954530825965
7,s01_HA_A0_6,46.59143695580111,35.16444369410681,67.10746738392265,988.1995021362798,1463.70179548803,673.7024704290977,1.9002817679558013,25.024617678453044,60.88991953425415,0.3428710708637201,0.42708366063720077
8,s01_HA_A0_7,32.90666291546962,20.962587578637198,93.55454172317532,1019.8992141141805,490.92501580662986,258.62772904419893,1.680208103130755,14.904705551381216,43.78499019705341,0.2994369207366483,0.4674842714935543
9,s01_SNP_A0_1,24.53927762346939,17.44005130170068,29.12347079368214,396.3847444591837,396.3372169812925,119.30689637585033,2.9273265306122442,12.410124613435375,32.28101254438776,0.3474111794166667,0.3365558577234694
10,s01_SNP_A0_2,24.774398839972342,22.410276518395573,12.174190159639696,209.11872845089903,370.37532291701245,199.59099078976485,1.7752185338865833,15.95292813084371,31.06955953526971,0.45057719975656985,0.3380319526580913
11,s01_SNP_A0_3,26.138466100736647,25.304350881031304,14.452805187351567,206.05448855248622,427.4790042449356,236.19707958195212,1.6526279926335177,18.01429927790055,32.15100158416206,0.4685791620976059,0.37274492187145497
12,s01_SNP_A0_4,31.957319933649792,30.745911161392403,20.60740034295264,372.4280290959916,470.92670002742614,355.3000632995781,1.4295147679324895,21.88922615,39.33797712151898,0.5085789722932489,0.44812580681751046
13,s01_SNP_A0_5,32.69224526826923,16.83435199198718,38.18592370968269,740.6208684342948,574.9844296987179,104.36476370528848,5.302610576923077,11.973266547756412,44.63377695801282,0.26788198465865387,0.6156365626201923
14,s01_SNP_A0_6,26.908848763973065,16.295023523400673,33.80285564550674,527.8181202154882,484.6272302727273,115.33027446060606,4.075346801346801,11.591437664983166,36.13975038838384,0.28972396364309766,0.4016469174511784
15,s01_SNP_A0_7,24.600515592176865,16.694157412925172,20.217522942697283,419.01986318707486,399.6217410459183,118.90183049489795,3.0696683673469387,11.87789872670068,32.547408936904766,0.3341118184812925,0.3035525919353742
16,s03_JOY_A0_5,52.47926666666666,35.95033066666667,224.18578333333335,1329.576933333333,556.7374033333334,363.7754466666667,1.5333333333333332,25.526208,69.67761566666667,0.36718415,0.25866516666666667
17,s03_SNP_A0_1,64.40169555116958,58.093411453216376,68.50678791828925,1341.630651988304,2035.9209642397661,1653.4694050584797,1.0743011695906433,41.432589927777784,81.02417099649122,0.4397484504005848,0.3679152527368421
18,s03_SNP_A0_4,45.17459146428571,34.74225221428571,24.960992673375,452.6563039285714,1216.5871867857143,554.5635314285714,2.2928571428571423,24.753062410714286,58.854087803571424,0.4231139573214286,0.4426177582142857
19,s03_SNP_A0_5,56.812745826530616,43.72724448979592,99.62542200911224,984.3640458163266,1719.3747609183674,606.7663154081632,2.867551020408163,31.15554570408163,73.82375742857143,0.43938823928571435,0.33994639908163266
20,s03_SNP_A0_6,65.09044337662337,66.58116175324676,106.61057736690907,792.0436912987013,1776.4675375324675,1402.5360562337662,1.4176623376623376,47.49635453246753,78.65198036363637,0.6133918405194806,0.3812198048051948
21,s03_SNP_A0_7,63.75869107647058,63.36120950627452,19.067111978930978,508.92389467843134,2207.942224745099,1590.4418320784314,1.4442862745098037,45.198473917647064,77.87605090705881,0.5447085090470589,0.36662214904705887
22,s04_HA_A0_6,13.63137,11.33578,11.96355,71.3767,119.12700000000001,15.524185,7.6899999999999995,8.062846,17.510465,0.46048015,0.6401167
23,s04_HA_A0_7,11.687429192307693,10.079717807692308,8.601539846153846,66.17210769230769,70.08845461538462,12.835970307692309,5.5807692307692305,7.1656481538461545,14.88810576923077,0.48435449615384624,0.7859570653846153
24,s05_HA_A0_1,65.06656610282485,81.93106174124294,39.72158394986046,606.4515865327683,1340.4434443971752,6017.621852423729,0.09016949152542371,58.50707830790961,70.20564682768362,0.44322952454293785,0.15171696871468926
25,s05_HA_A0_2,73.3763599751634,98.65785655490197,6.784562412810457,193.41246908104574,710.3129453594771,6561.499675549019,0.06601307189542485,70.46375526993464,76.16221379803922,0.562860958572549,0.16188481561176474
26,s05_HA_A0_3,97.39165405858586,132.72075587070705,7.181149957858585,257.4674337343434,1005.9796663727274,8275.716384444444,0.10083838383838385,94.79935781616162,99.89613174444445,0.7856878774797978,0.25302003316666666
27,s05_HA_A0_4,115.6277106,160.2585816,15.476795698,320.0365116,879.5885026,9899.439498,0.09,114.52338540000001,116.71822979999999,0.9812879314,0.31819058800000005
28,s05_HA_A0_5,121.89735237931036,163.55089005172414,20.84148835137414,403.1490091206896,1383.189647672414,10852.442076206893,0.12086206896551724,116.81059918965518,126.62915001724139,0.9285514293275862,0.29934564984482753
29,s05_HA_A0_6,114.8002157045977,155.60325869022986,9.60232727513575,285.0167239971264,1033.7772189551724,10218.053093735633,0.09708045977011492,111.15113586034485,118.31275425114941,0.9046400322258621,0.26718983954310344
30,s05_HA_A0_7,96.52983215632183,131.12562538390804,7.15810197964046,236.14909699310346,905.8154739816092,8494.776041551722,0.08640804597701147,93.66693489827585,99.29152114252872,0.7677978522810346,0.22314143415574714
31,s05_SNP_A0_1,88.6304192031746,116.07778738968256,32.07392969769707,669.183987701984,2184.378228428572,7435.01331861111,0.20416269841269843,82.99193649047619,93.61330079166666,0.5752887166575396,0.18642374562539685
32,s05_SNP_A0_2,125.96734083529412,155.99994271154685,55.408796107979086,1751.909058098475,5376.301817049238,9260.445071437907,0.4651873638344226,111.53829313877993,138.1911181100218,0.666881244643791,0.2720562187893246
33,s05_SNP_A0_3,111.04702975257453,140.20572927750675,74.50235907737343,1127.9060528403793,3608.476719883198,8851.130825528455,0.31206233062330624,100.21048360271004,120.46905225311652,0.639058737376965,0.2113860921420054
34,s05_SNP_A0_4,114.35734021974721,152.69828111421802,64.26224259537331,1243.7024774443917,2364.9666166176935,9210.113832383886,0.2406255924170616,109.14498103570301,118.87120230363348,0.7839873813327013,0.2249343699104266
35,s05_SNP_A0_5,111.63454606520548,145.72847350155251,65.2752354097452,1149.7355269066666,1604.9749182237442,8356.146072665753,0.19585114155251143,104.10966660518723,118.31763519917807,0.8131911999147031,0.2520944009641096
36,s05_SNP_A0_6,124.37407403472223,161.32442853356483,64.53177930193242,1575.6717521171295,2281.427358053241,9531.237694537038,0.25695138888888885,115.29950955856482,132.21871775092595,0.8149031838981481,0.3006680869666667
37,s05_SNP_A0_7,129.96119119047617,180.36483205555555,40.785321108947095,953.2011973968254,1683.995365248677,12450.053436772487,0.12592592592592594,128.94324204285715,130.89281132116403,0.921292283299471,0.25495255615978846
38,s06_HA_A0_1,26.371960612,32.29845561333333,1.4473607072489336,158.39357292,299.6880378266667,377.66648237333334,0.5649866666666667,23.013699993333333,29.206341113333327,0.5479161620533334,0.4456677285466666
39,s06_HA_A0_2,6.598711248484849,6.824614263636363,1.120649377131818,48.3524433030303,85.3622528030303,93.93958325757576,0.17907575757575758,4.86121825,7.9114964257575755,0.11385370715151515,0.11646217946969696
40,s06_HA_A0_3,15.760873169333335,15.511688022666668,3.0376481482005335,119.45397516000001,224.87436697333334,214.8360696266667,0.48686666666666667,11.049233610666668,19.231760377333334,0.2501037439066667,0.24964287261333332
41,s06_HA_A0_4,37.0971138,42.183845,1.0665744082,229.34681499999996,462.32591,589.900338,0.7849999999999999,30.0602356,42.9971358,0.6991576310000001,0.6327988880000001
42,s06_HA_A0_5,36.754263333333334,39.96564595238095,4.053162867190475,247.38803190476187,468.62235666666675,555.5524104761904,0.8742857142857142,28.47229952380952,43.317902714285715,0.661158339047619,0.6346756847619047
43,s06_HA_A0_6,36.22664316,37.7601162,4.66693366356,255.4858564,479.56619000000006,523.8366952,0.98,26.90017044,43.33621056,0.6248685428,0.6047356612
44,s06_HA_A0_7,36.484847384,40.05373794533333,3.3250353183733337,243.67622113333334,464.2735841333334,546.78022472,0.8991066666666666,28.538425521333334,42.864841727999995,0.6676156225200001,0.6066506474133333
45,s07_SNP_A0_5,25.93294665517241,34.87232889655173,10.309022952551723,115.71079893103447,174.8297357586207,241.82322931034477,0.5817241379310345,24.78693772413793,26.626609965517247,1.0481684096551727,0.7386564513793106
46,u00_JOY_A0_1,23.149652605649717,23.3383370940678,6.199847553527147,126.81178321101694,402.2762785508474,246.53065055310734,1.540042372881356,16.609936993220337,28.154336433898298,0.45207230185593217,0.3198594630954803
47,u00_JOY_A0_2,22.14996170730159,22.439346518095235,5.664012849638446,111.67135588126985,384.2947993904762,229.97797557111113,1.4143968253968255,15.969808222222225,26.907053833968256,0.4313997958698413,0.3754904338930159
48,u00_JOY_A0_3,28.200216380712796,29.106481123060792,14.155109071269603,238.52432073249474,425.3122100398323,359.7042362389937,1.0646079664570232,20.714955294968554,34.01810701949685,0.5321977671530398,0.355012373918239
49,u00_JOY_A0_4,27.515210509999996,28.263286285490196,11.871393288058822,228.30428168568628,416.30042215686274,362.83468567058816,0.9873764705882352,20.11476979843137,33.25417893960785,0.507868325152941,0.38532193935098047
50,u00_JOY_A0_5,25.06000158894558,26.468752010884355,8.499578406466462,170.9647121122449,357.7084323537415,259.0120559812925,1.4373979591836736,18.83779866734694,29.956400521088437,0.5454676851972788,0.33871483397448976
51,u00_JOY_A0_6,25.34152971242236,26.18001040331263,8.95308787301118,133.10307183436854,431.42295135817807,292.18049460248443,1.5818033126293993,18.63192818467909,30.5662486699793,0.5068453020310559,0.35033432727950314
52,u00_JOY_A0_7,24.61454888263889,25.32403668449074,5.89952008577632,126.5814218726852,423.12819761574076,282.0413715578704,1.5741944444444445,18.02332581990741,29.723718672453703,0.49247581884490743,0.32678348947453706
53,u01_JOY_A0_5,111.78843730000001,55.50000308,950.7438142509998,9721.2960963,12285.709873299998,2649.6803345499998,3.7915,39.309254145,152.182820495,0.3775881871499999,0.4920163620000001
54,u02_HA_A0_1,49.80135202820513,24.09756837564102,79.00114152980771,1743.175513910256,198.98107214102566,141.7844519679487,1.8274038461538464,17.18769882948718,68.1218231923077,0.2604855896666667,0.4379136205576923
55,u02_HA_A0_2,36.510782163725494,24.91973228014706,144.53975302639705,1003.6825142328431,319.250326757353,185.48425627598036,1.7882916666666668,17.759204470098037,48.19858359460785,0.30620161602941176,0.2789255310980392
56,u02_HA_A0_3,41.33665886,34.613646640000006,154.20548404983,932.9181085999996,345.3931799,271.58232840000005,1.4208,24.68994091999999,52.59252576999998,0.510434716,0.33833241643
57,u02_HA_A0_4,43.96989922008546,36.1848328940171,185.94098443264528,1092.9000886752135,355.41238809829053,308.2711174444445,1.1593547008547007,25.802915131196585,56.11662996880342,0.48928790408119666,0.3862752678119659
58,u02_HA_A0_5,32.101227224472574,23.43985559957806,166.98437645035358,975.9377037510549,229.80443907172994,199.3547615443038,0.745350210970464,16.704874358649786,42.011684409704635,0.27118890916455696,0.24500225872995776
59,u02_HA_A0_6,35.15154415172414,30.80436056551724,76.15780576145977,563.4617215747127,250.56996478160917,222.07530663218392,1.1457011494252871,21.98315799310345,44.246661294252874,0.5201106059885057,0.40228194586206895
60,u02_HA_A0_7,41.23570872727273,27.148902181818183,130.6171140909091,1060.8228236363636,164.3444090909091,191.92031,0.9218181818181819,19.33711072727273,54.92122445454547,0.35857117363636365,0.3660068863636364
61,u02_JOY_A0_1,55.872428,46.800984125,122.9666555,765.1045875,1195.1244875,583.40263875,2.2925000000000004,33.37957025,71.59983475,0.46847328499999996,0.31415846999999997
62,u02_JOY_A0_2,63.888533153846154,50.52658669230769,236.37549615384617,1352.5585776923076,1136.4037615384614,824.5836015384617,1.6607692307692308,35.857850692307686,82.92898307692309,0.4330268353846154,0.3389275946153846
63,u02_JOY_A0_3,57.788226862500004,58.36596185,55.270964037425,872.972128625,1174.7455142499998,606.0764505,1.923375,41.685071,70.04494431250001,0.609021531375,0.32004962374999996
64,u02_JOY_A0_4,51.64743166200717,52.375266839426516,58.983669999077435,1110.5082497921148,798.3323231756272,637.9287452652329,1.2148566308243727,37.41178540035842,62.41656909498208,0.5121015025232974,0.28712771311469537
65,u02_JOY_A0_5,43.98335905,45.04883349351852,34.19855260863889,615.9189255092592,993.637431675926,498.18589769444446,1.4323657407407406,32.186925780092594,53.06963305972223,0.43841545406018523,0.2389742429953704
66,u02_JOY_A0_6,58.046411962962964,62.708090481481484,85.09917144888888,1069.2910451851853,724.937662962963,913.8819111111111,0.9837037037037035,44.77502240740741,68.34643381481482,0.6657033444444445,0.4402333362962963
67,u02_SNP_A0_2,40.85728636585366,49.562621414634144,38.341392213926824,475.58795368292675,325.92056878048777,606.2909331707317,0.5380487804878048,35.39152831707317,45.04879190243902,0.8371117639024389,0.29387541560975616
68,u02_SNP_A0_3,40.210510065217385,49.09037697826087,33.57464626726087,440.1131319782608,330.85375543478267,599.1335236956522,0.5571739130434783,35.064934195652164,44.19931715217392,0.842382427173913,0.29476066739130435
69,u02_SNP_A0_4,55.57537971333333,70.84381637333331,76.44244909364889,903.9968754000001,981.3213402444445,1527.8759695777776,0.6015555555555557,50.61243810444444,59.916018971111114,0.8990692799111112,0.41437190415555547
70,u03_HA_A0_1,38.168887162121216,40.042650548232324,7.13332884554192,171.93662930126263,492.3698864040404,1445.789103838384,0.2887954545454545,28.50201400378788,45.81146597146464,0.5230018019823232,0.22187479765656568
71,u03_HA_A0_2,40.64330697840909,41.4263086903409,12.684517076503484,223.7922302007576,721.6985815833334,1478.8336668560607,0.40297916666666667,29.4860260251894,49.28658945757575,0.5018292507140152,0.25775612817992427
72,u03_HA_A0_3,38.81581535288889,39.37008032622222,13.288736204756397,246.73921057444443,637.942787171111,1384.623006111111,0.3765622222222222,28.021696473111113,47.15153343777778,0.4798685311222223,0.23639155221777775
73,u03_HA_A0_4,38.47979241835749,42.746867871256036,24.286848108507968,354.78015376449275,579.8615028019324,1183.1270729468597,0.43734299516908215,30.42642228091788,44.86532734661836,0.5391849750917875,0.30873413159420293
74,u03_HA_A0_5,60.076099185185186,46.86244585185185,58.91640226287778,1092.0323096296297,2165.9129870370375,1320.8317181481482,1.7459259259259257,33.33903433333334,78.04902929629627,0.4311672633333333,0.5576016062962963
75,u03_HA_A0_6,52.74495482307692,50.976293098290604,26.397653480555554,288.11597188888885,1393.4187652991454,1774.4995936752139,0.7548888888888888,36.285911614529915,65.14578850769233,0.5486592896666668,0.28214997261538466
76,u03_HA_A0_7,47.19754280555556,48.48529939473684,11.789431477119882,227.09688795321637,770.6305241812867,1737.4130025730992,0.43610233918128666,34.51169924795322,57.08511016695906,0.6095302039883042,0.2593658685146199
77,u03_JOY_A0_1,19.594094287654322,16.016377138271604,23.834599415058022,188.5499730222222,226.8424347407407,340.7074250740741,0.4678086419753086,11.389413058024688,25.199745629012344,0.3197448116975309,0.2912802992530864
78,u03_JOY_A0_2,39.42332786813187,29.77165679120879,47.22677839757143,504.52261208791214,806.7367670329669,771.075990989011,1.0505494505494506,21.175120681318685,51.56883253846154,0.4104383271428571,0.3865805238461539
79,u03_JOY_A0_3,40.00775961538462,30.573014230769232,48.326995623269234,511.00093923076923,815.5434743269229,812.6669361538462,1.0190384615384613,21.74490661538461,52.221406759615384,0.41581609432692307,0.41195339355769234
80,u03_JOY_A0_4,30.87130884979675,24.874240199593498,37.62250522851626,342.9547754796748,558.6329967235772,671.1301414634147,0.6891585365853659,17.69198583434959,39.88643587682927,0.3683937365548781,0.36128568465243904
81,u03_JOY_A0_5,28.315823122807018,23.24012714502924,28.571474850526318,277.9349001617934,447.70042526315797,597.3951816432749,0.6343976608187134,16.52889500097466,36.43141644717349,0.3792919156218324,0.3598878578011696
82,u03_JOY_A0_6,24.58606252647975,20.879131844859813,30.953118756252334,247.33066815576328,409.7258108286605,518.9573442866043,0.5478660436137072,14.850554440186917,31.40519219750779,0.34828394216199376,0.2971967237071651
83,u03_JOY_A0_7,21.84835728801498,19.507156671535583,12.394136606307116,155.34200040374532,320.34839676779023,500.9012130861423,0.43858801498127337,13.87534016367041,27.589360121348317,0.3368928421123596,0.3043293738951311
84,u04_HA_A0_1,46.15687439853002,27.67356259267081,61.1145965560646,1296.2958423134576,1677.4842248730852,287.639567826294,4.783138716356108,19.70789770594203,62.02134606803312,0.27818138056645964,0.3958226314240165
85,u04_HA_A0_2,48.657563256961325,27.92615248674033,86.2728543790105,1500.1341706077349,1678.8771301548804,290.1838450513812,4.886779005524862,19.88563849335175,65.6629192993186,0.2700298290515654,0.4169913498771639
86,u04_HA_A0_3,42.660646177777785,28.057443020498084,68.43152576365536,718.7257513409961,1453.7467839272028,360.49759244252874,3.5021206896551718,19.978224859961685,56.90160446091954,0.29415926438505746,0.41648558656513407
87,u04_HA_A0_4,39.990194153103445,25.99004448942529,73.97703182948044,629.3114357632185,1360.2456917195404,297.6729984045977,3.7814551724137924,18.50461096045977,53.41639146298851,0.2783094983034483,0.4111620607908046
88,u04_HA_A0_5,43.16124868675214,27.064314556410256,94.52961610839742,861.3408096324786,1497.6364289529913,391.9270063482906,3.3248333333333333,19.264348600213676,57.873675740170945,0.2737302048739316,0.4299767060598291
89,u04_HA_A0_6,56.670938589879235,31.18639245048309,122.34350418408863,1931.3848251014497,2100.9949636787437,351.9667228835749,5.671359903381642,22.202732818937196,76.72919808630436,0.29018771389855075,0.4827068457528985
90,u04_HA_A0_7,46.865377016298694,28.42955097222944,79.58594522671277,1083.7277395865801,1773.956638919913,309.77471918766236,4.926084415584415,20.242991454740263,62.92319580930736,0.2873027687677489,0.42779375999870134
91,u05_HA_A0_1,45.023275920919545,33.48877538137931,53.28489856324988,936.7200491287356,1144.103994643678,454.4323792068966,2.380475862068965,23.835719724827587,58.97701503885057,0.38288081412413794,0.35235004257471264
92,u05_HA_A0_2,41.71490951012891,31.145916695580116,37.94581979893296,970.1209922283608,1049.5366745174954,436.0849503554328,2.0416040515653773,22.1696820320442,54.61962849558011,0.34045087763720067,0.3204885907421732
93,u05_HA_A0_3,43.412434324125236,32.135195304051564,70.03884735911971,1088.6904631178636,1064.4138170128913,483.33708988950275,1.917160220994475,22.874845703683242,56.89872760460405,0.33797573620257826,0.3166309920607735
94,u05_HA_A0_4,52.710704774193545,41.553641924731174,109.0290200623774,1219.151793064516,1269.5819740860213,690.8703832258066,1.8719354838709679,29.588623408602146,68.24215605376344,0.4476699259139784,0.3656573633333333
95,u05_HA_A0_5,45.08977655875422,32.450786231986534,127.46040163361674,1269.190845344276,1138.5082310892258,527.3380144511785,1.908577441077441,23.097341583164983,59.13441217962963,0.3510537646531986,0.28753218167003364
96,u05_HA_A0_6,42.47097356333334,28.224118839999996,209.71019249238415,1507.6385672666665,1204.9586570333333,570.3233291366668,1.5293666666666668,20.08121218566667,56.211740145666674,0.2720050052833334,0.2826842105666667
97,u05_HA_A0_7,47.04481276842106,34.60543534736842,42.44020881185263,823.9263760000001,1290.1406063157895,470.2957812631578,2.7217894736842103,24.631333642105265,61.72184686315789,0.39936758821052637,0.39184290073684197
98,u05_JOY_A0_1,71.33954140927536,52.44320184086958,335.10168576811594,2887.0991907188404,2256.431825478261,1056.8093329652177,2.0563623188405797,37.37216716202898,93.55302965869566,0.3974017343739131,0.3077551120173913
99,u05_JOY_A0_2,47.766636530303025,40.48260093939394,89.03521291377272,861.0088424242424,988.4103554545454,576.447471969697,1.6965151515151515,28.827585015151517,61.07850874242424,0.47355284666666664,0.2541494922727272
100,u05_JOY_A0_3,50.144971825000006,42.0299992625,96.74523610575,981.4431807500001,1114.115219875,620.860444625,1.7606249999999999,29.936400362500002,64.27036798750001,0.468207860375,0.275029077625
101,u05_JOY_A0_4,50.76705918122605,42.417918042145594,105.91670550873565,1013.9767008352491,1229.6043129042146,652.2240397931034,1.7833180076628348,30.213033271264358,65.11158745900383,0.4551728394559387,0.2883955672298851
102,u05_JOY_A0_5,35.169083621317824,29.248501853875965,84.30027393035658,731.3346189031007,869.9654701589149,466.33930521705423,1.1659922480620153,20.833185009302326,45.15012600852713,0.30242491271317834,0.21001460256201546
103,u05_JOY_A0_6,38.068335864032264,29.593996538709682,117.0220933610613,1299.4231009349462,1020.8580500860215,509.7909111231183,1.2571290322580644,21.086104681451612,49.44551816053764,0.28059186516612905,0.17455736992634407
104,u05_JOY_A0_7,45.67983633660131,35.842710586274514,139.1306626090196,1426.9405902745093,1258.7897503921567,697.4635638366013,1.313091503267974,25.54152199869281,59.311958946405234,0.30391841859477126,0.23528507443790853
105,u07_HA_A0_3,37.913327851851854,33.00148327777777,23.55498771535185,393.9917394444445,872.754122037037,536.9097420370371,1.6362962962962964,23.47455129629629,47.684187537037026,0.504074945,0.6303255222222224
106,u07_HA_A0_4,24.00502221888889,12.021400577777776,26.523795277317777,528.5551434088889,357.3932349777778,45.46044549888889,8.722727777777777,8.541708455555554,32.82297765444444,0.2596363732,0.4468176590722222
107,u11_HA_A0_1,42.377239785611515,30.751109935971222,160.66344606921342,1538.222327002398,1011.269665848921,237.06124139568345,3.4432326139088727,21.8847035882494,55.0943741853717,0.35343788062829734,0.3992457844748201
108,u11_HA_A0_2,43.33106410456989,31.59488039973119,86.57640736578495,1329.26468794086,1347.133326467742,311.4237916505376,4.202669354838711,22.4865607672043,56.26475898010752,0.339421824922043,0.3890491137580646
109,u11_HA_A0_3,48.822572082568804,29.590402090581048,151.9300304592828,2311.389437829052,1572.8470497159024,526.6456822663608,4.541865443425078,21.057488060122324,65.36119411678898,0.2592637476174312,0.4127266493238532
110,u11_HA_A0_4,49.7304397302299,33.87005651850575,88.13365337349367,1564.3086301800768,1962.9669103927204,431.25165155057476,4.141563218390805,24.109674048295023,65.98393613003832,0.32705350156302676,0.4012382892950192
111,u11_HA_A0_5,51.40539706622406,36.50338195159059,98.70648222225363,1495.6454245130014,1702.018451243845,600.7521342123099,4.183359612724758,25.981256846846478,67.56143027466113,0.33428741211037344,0.44029020273291836
112,u11_HA_A0_6,46.04382655046041,30.061295925414367,150.03056694944053,1752.3317165138121,1178.0648601160221,241.7816185985267,4.214108655616943,21.392093138305707,61.067101384530396,0.3195053265635359,0.44816398770718235
113,u11_HA_A0_7,44.5104781770115,30.84976028103448,113.33577730965327,1506.8114255363987,1236.1049804137933,233.10354949233715,4.482318007662837,21.956550954597702,58.37141677337165,0.3483095062394636,0.4102210436034483
114,u12_JOY_A0_1,71.5016481718889,52.006027612,315.2670781050667,3769.8678652144445,2745.1554914555554,2663.766890598889,1.4284777777777777,37.02760507544444,93.31306819488888,0.4014350152833334,0.29403705789
115,u12_JOY_A0_2,25.819821215384614,22.478321917948715,61.90093374102564,324.82649920512813,577.6967151538461,297.3232466153846,0.9791282051282051,16.019809799999997,32.80876211025641,0.24437777456410256,0.07795206738461538
116,u12_JOY_A0_3,6.611244805128205,5.941803915384615,14.200777717948721,70.17451802564102,156.9507276153846,74.02594428205128,0.2782307692307692,4.239742994871795,8.332395820512822,0.06659150087179487,0.02152944784615385
117,u12_JOY_A0_4,85.99140585118282,62.42631619698926,420.88982210977423,5049.937943005377,3369.465165172043,3662.669722191398,1.4696129032258065,44.43990192387098,112.49301212645162,0.4370681918333333,0.3550037720021505
118,u12_JOY_A0_5,96.4665452516129,65.67127183225806,522.3365898748388,6290.927034258064,4007.4958896774187,4035.539956774194,1.5680645161290323,46.74220058064516,127.06620780322582,0.4557793862903225,0.39303519254838704
119,u12_JOY_A0_6,72.21338891200001,62.02499573200001,178.61772971464,1398.8754628800002,2731.52189396,2848.3066076,1.6048000000000002,44.127575628,91.645983344,0.50911159768,0.309277223536
120,u12_JOY_A0_7,51.044903,45.33032336363636,113.26821963636363,585.5351636363636,1156.6513018181818,598.5292881818182,1.9436363636363638,32.312260090909085,64.54195172727273,0.5012467745454545,0.15799794363636363
121,u12_SNP_A0_1,73.26844565217391,66.94537691304348,13.685062304434778,1177.1815126086954,2251.259326086956,1463.7619521739132,1.5152173913043476,47.78245208695653,91.89599673913042,0.5245136669565218,0.3014895608695652
122,u12_SNP_A0_2,56.788127648366014,54.647018974509805,49.86492001475947,889.3305001241831,1754.633613398693,1177.9907126797384,1.1265490196078431,39.005606232026146,70.17115000915032,0.4224217518954248,0.27086277998692815
123,u12_SNP_A0_3,71.23648262060605,67.04884687333332,51.185943556215754,1173.7177350727275,2209.7952593939394,1439.811149393939,1.4497333333333335,47.854334478181805,88.60073767575761,0.5127368615696969,0.31923611319393935
124,u12_SNP_A0_4,49.99316567045455,48.64131795909091,51.40429425657575,775.1332827878788,1501.1910888636362,1021.6014773484848,1.0087803030303029,34.7202518280303,61.551558976515146,0.3804155869393939,0.2652749093484848
125,u12_SNP_A0_5,68.63101152173914,67.31177152173913,68.51327186956522,904.0537952173913,1940.0969043478256,1366.5457869565219,1.4256521739130432,48.04956739130434,84.26014978260869,0.5689895691304347,0.3564194426086957
126,u12_SNP_A0_6,49.086428263636364,50.116975978787885,93.01530822280303,889.3022592727273,1337.9709222727272,1070.0695829545455,0.8128787878787876,35.770248625,59.4731574878788,0.3909289153863637,0.08682702865454543
127,u13_JOY_A0_1,69.77027783333331,89.31081083333333,76.25715525661111,834.4466463888889,1598.8891083333333,1106.0244313888886,1.5166666666666668,63.68392758333334,75.21196769444444,0.8571122091666665,0.22957777000000001
128,u13_JOY_A0_2,73.19672110714285,90.53941757142857,188.43710535014287,1529.4823814285714,1362.9065535714285,1307.918759642857,1.2891071428571428,64.57305058928571,80.67003833928571,0.8159335391071428,0.3476851367857143
129,u13_JOY_A0_3,74.94926106756758,96.96426244594595,172.6541224637027,1393.0550047297295,1208.0529712162163,1906.2738691891886,0.8971621621621619,69.17476502702702,79.834011,0.8828076283783782,0.24793950864864864
130,u13_JOY_A0_4,68.36598406200717,89.55217890215053,164.27960511797852,1276.057414071685,996.9310166308244,1685.959052677419,0.7400286738351253,63.88696643333332,72.22962981290323,0.8381180849605736,0.27403209313261645
131,u13_JOY_A0_5,54.35110899834862,68.56488256085628,132.6322026117352,979.6506177232415,1026.6711579266055,1330.8407681253825,0.6817155963302752,48.902414552110095,58.730948676452606,0.6562455127733943,0.21107452928654438
132,u13_JOY_A0_6,54.06961164619883,74.12998281929825,122.25453536608188,836.5432982982455,649.614478011696,1664.1938159064327,0.3182280701754386,52.899119970175434,55.020221074853815,0.7184070556725146,0.2286722192865497
133,u13_JOY_A0_7,63.67492584615384,85.69400384615386,16.496309712923075,406.44184615384614,1465.5753769230769,836.9031846153847,1.7838461538461536,61.117343230769215,65.97096915384616,0.9338363661538461,0.2589647023076923
134,u13_SNP_A0_1,78.98825577319587,82.57731173195877,22.243101189639177,510.63742220309285,3120.1881938144334,2663.718931958763,1.1742268041237114,58.856281298969066,94.89227767010308,0.622764461030928,0.2743561060824743
135,u13_SNP_A0_2,86.45690367611724,78.47839453373626,75.33597345369252,1007.3647564582416,5854.390863619047,2916.2623863882786,1.6086593406593408,55.92932816252748,108.50835325589745,0.42678131568571437,0.2878067296307692
136,u13_SNP_A0_3,91.48377999765766,83.98755506306307,78.6898183825427,984.4759574033035,5410.487761786788,2765.23563393994,1.8142222222222224,59.853372798888884,114.42776802849853,0.5112993717636637,0.3340799445237237
137,u13_SNP_A0_4,101.02106667119267,95.99572672822633,104.11916944292966,1302.3207982446486,5884.752974920489,3459.0198584495406,1.6623700305810394,68.41862209529052,125.06310355902141,0.5608188325788991,0.31673993983455656
138,u13_SNP_A0_5,83.89768530714286,82.92391556428572,107.07311649095239,1069.0813053809525,3439.8421826190483,2656.9809864285717,1.3204761904761906,59.09842310952381,102.36952098571427,0.5968122040952382,0.28956355533333333
139,u13_SNP_A0_6,77.62588489578059,69.31676136660337,67.90138707180992,1049.0160083322783,4282.974900037974,2768.2668195443043,1.2677552742616032,49.391359828924045,97.85433829746833,0.41650041898291146,0.26646005531814343
140,u13_SNP_A0_7,72.57882141681593,66.5861050159204,70.96195927834503,1018.0917441504974,3740.6424210597015,2594.15821599005,1.1681990049751245,47.4394029574627,90.8839176164179,0.4105867765467662,0.2508691873537313
141,u14_HA_A0_1,34.656775048756224,32.13137174427861,39.131552896706474,503.5396849860697,840.5855493084578,831.0747547562189,2.126208955223881,22.897579395522392,41.45858884527363,0.3040089855920398,0.32684921631343283
142,u14_HA_A0_2,48.33864446857679,37.449203609213484,55.354586190857596,1213.4702716131087,1211.97381092397,880.0805725850187,2.389632958801498,26.689471350337076,62.419694341123595,0.29800842371310865,0.4197346790284644
143,u14_HA_A0_3,63.83062468981737,55.75654138356164,54.66259969247763,1239.7766431216894,1287.8678618155252,1490.9828283150684,2.7745662100456623,39.69610500515982,78.69786816981735,0.5051412268995434,0.5765645698904109
144,u14_HA_A0_4,63.18763448307693,52.34348130589744,19.29777629504615,1672.1313434273502,1410.6445661623932,1084.4877136495725,1.5780085470085468,37.32012271017093,80.92591833179485,0.4172651450025641,0.5422192898162392
145,u14_HA_A0_5,61.76269878722221,54.20568420097222,23.78992364611146,1564.8040985347222,1332.936312201389,1209.5587213048614,1.3618402777777778,38.65155018715278,77.96301374277778,0.4409747969618056,0.4982524892861111
146,u14_HA_A0_6,54.608269677314816,45.4479290162037,93.03736895229167,922.844126763889,1292.2570652777777,1038.0254610925926,4.160055555555555,32.378486440277776,67.47027559166666,0.44206591024074077,0.5207717946666668
147,u14_HA_A0_7,47.119728068115954,40.801650937198076,83.91888301544444,766.0541068792271,1015.0468826570047,1004.6211834782611,3.613178743961353,29.06507324830918,57.273099108212556,0.4014163435362319,0.4546546265362319
148,u14_JOY_A0_1,37.10749886795866,44.94577996950904,25.26264406984806,345.24193055813953,517.7483558294573,827.4494819689924,0.49510594315245476,32.06128997803618,41.373120179586564,0.6076045498242895,0.19001754559431522
149,u14_JOY_A0_2,35.514775703333335,42.68256736272726,23.01965183831516,324.2960437878787,511.19440841515154,802.3914685333334,0.4837484848484849,30.442797551515156,39.840944658787876,0.5635519631060607,0.17976261258787887
150,u14_JOY_A0_3,33.53137766666667,40.222263752280696,27.59025294738457,335.18882484210525,470.03962683859646,753.3383928210525,0.45340701754385976,28.68862192280702,37.667450918245606,0.5279432627999999,0.17396312227719304
151,u14_JOY_A0_4,55.18404588461538,58.79590932692307,59.62088788775,546.0262110576923,1226.0525601923077,1059.824360096154,1.1821153846153847,41.936711374999994,65.76472156730769,0.6385576761538462,0.34833404901923076
152,u14_JOY_A0_5,41.01019778841463,46.281058036788615,42.02939941878455,383.22062605081305,743.3748848577236,808.0819914715447,0.7505934959349593,33.010213218495934,47.496289861382124,0.5834431741219512,0.25814263571971546
153,u14_JOY_A0_6,40.28624818257576,47.160521533901516,33.37564312747765,360.6153835378788,664.583537246212,811.8370895890151,0.7095928030303029,33.6392468405303,45.783525368371215,0.6235762960852274,0.23172766995643937
154,u14_JOY_A0_7,39.59939006181435,46.89519288016878,29.85075177780211,368.3926227025315,618.0048476518988,843.2158074388185,0.6234493670886077,33.45118298607595,44.70718175421941,0.621515485529536,0.22831419653797477
155,u14_SNP_A0_1,72.43411295592287,84.10525167055097,84.15253760041983,1207.8625138567495,1333.553566813774,2130.9339922066115,0.6518677685950414,60.02603555173553,82.50749168873277,0.7501998187201101,0.2682810787203857
156,u14_SNP_A0_2,55.748741185234906,65.94667232035795,44.880391566014545,782.2377360805368,954.3507373713647,1556.0496625055928,0.502986577181208,47.06918659440716,62.81505564228186,0.6400083928903804,0.2397366293017897
157,u14_SNP_A0_3,54.07754022750455,65.40643467832422,32.37649401955555,632.0637729234973,889.5655326466302,1537.4953142622953,0.4884116575591986,46.68167144043715,60.18250707103825,0.6691543507504554,0.19197655755482695
158,u14_SNP_A0_4,52.18505379414759,59.45465843384224,38.84405170696159,853.211283043257,843.9912203587786,1388.886454605598,0.4726972010178117,42.433796225699744,60.05778015241731,0.566464281735369,0.22729493412722643
159,u14_SNP_A0_5,103.01896713606557,84.19676407540983,371.2313855856393,4757.76712672131,2814.7974690163933,2055.086698196721,1.34655737704918,60.086675372131154,132.1795077344262,0.4687569941311476,0.2979152688524591
160,u14_SNP_A0_6,49.010263698245616,59.09013604780702,64.81226790852192,858.7718843859648,571.2046667807017,1276.7948720175439,0.3323508771929825,42.17070390482457,54.78967675350878,0.5989229680043859,0.1839459300526316
161,u14_SNP_A0_7,49.744301531498465,61.791833383486235,61.155665633880744,637.7475835474007,842.4692171681957,1412.9949198165143,0.41803975535168203,44.10016464648317,54.55162162691133,0.6016666801192662,0.1554893584220184
