1.612,0.832
2.46,0.848
3.3,0.84
4.088,0.788
4.9,0.812
5.696,0.795999999999999
6.496,0.800000000000001
7.252,0.755999999999999
8.04,0.787999999999999
8.824,0.784000000000001
9.588,0.763999999999999
10.408,0.82
11.22,0.812000000000001
12.024,0.803999999999998
12.848,0.824000000000002
13.648,0.799999999999999
14.456,0.808
15.252,0.796000000000001
16,0.747999999999999
16.772,0.771999999999998
17.56,0.788
18.404,0.844000000000001
19.232,0.827999999999999
20.128,0.896000000000001
21.028,0.899999999999999
21.968,0.940000000000001
22.92,0.952000000000002
23.848,0.927999999999997
24.776,0.928000000000001
25.684,0.908000000000001
26.608,0.923999999999999
27.524,0.916
28.484,0.960000000000001
29.456,0.971999999999998
30.464,1.008
31.52,1.056
32.584,1.064
33.592,1.008
34.62,1.028
35.616,0.996000000000002
36.628,1.012
37.6,0.972000000000001
38.576,0.975999999999999
39.532,0.955999999999996
40.472,0.940000000000005
41.396,0.923999999999999
42.304,0.908000000000001
43.236,0.931999999999995
44.172,0.936
45.152,0.980000000000004
46.156,1.004
47.184,1.028
48.176,0.992000000000004
49.18,1.004
50.136,0.956000000000003
51.084,0.948
52.02,0.936
52.952,0.931999999999995
53.868,0.916000000000004
54.744,0.875999999999998
55.596,0.851999999999997
56.436,0.840000000000003
57.288,0.851999999999997
58.132,0.844000000000001
59.016,0.884
59.916,0.899999999999999
60.772,0.856000000000002
61.676,0.904000000000003
62.584,0.908000000000001
63.512,0.927999999999997
64.404,0.891999999999996
65.328,0.924000000000007
66.236,0.908000000000001
67.132,0.896000000000001
68.016,0.884
68.908,0.891999999999996
69.812,0.903999999999996
70.696,0.884
71.576,0.879999999999995
72.46,0.884
73.34,0.88000000000001
74.212,0.872
75.032,0.819999999999993
75.848,0.816000000000003
76.704,0.855999999999995
77.56,0.856000000000009
78.428,0.867999999999995
79.324,0.896000000000001
80.204,0.879999999999995
81.092,0.888000000000005
81.972,0.879999999999995
82.852,0.88000000000001
83.708,0.855999999999995
84.552,0.844000000000008
85.38,0.827999999999989
86.244,0.864000000000004
87.08,0.835999999999999
87.928,0.847999999999999
88.796,0.868000000000009
89.656,0.859999999999999
90.528,0.872
91.38,0.85199999999999
92.236,0.856000000000009
93.104,0.867999999999995
93.988,0.884
94.92,0.932000000000002
95.864,0.944000000000003
96.812,0.947999999999993
97.768,0.956000000000003
98.732,0.963999999999999
99.7,0.968000000000004
100.688,0.988
101.708,1.02
102.728,1.02
103.748,1.02000000000001
104.744,0.995999999999995
105.732,0.988
106.7,0.968000000000004
107.416,0.715999999999994
108.472,1.056
109.212,0.740000000000009
109.684,0.471999999999994
110.224,0.540000000000006
111.184,0.959999999999994
112.056,0.872
112.94,0.884
113.792,0.852000000000004
114.592,0.799999999999997
115.408,0.816000000000003
116.248,0.840000000000003
117.072,0.823999999999998
117.892,0.819999999999993
118.724,0.832000000000008
119.56,0.835999999999999
120.392,0.831999999999994
121.208,0.816000000000003
122.032,0.823999999999998
122.852,0.820000000000007
123.676,0.823999999999998
124.508,0.831999999999994
125.356,0.847999999999999
126.224,0.868000000000009
127.1,0.875999999999991
127.988,0.888000000000005
128.916,0.927999999999997
129.848,0.932000000000016
130.8,0.951999999999998
131.796,0.995999999999981
132.8,1.00400000000002
133.792,0.99199999999999
134.768,0.975999999999999
135.736,0.967999999999989
136.696,0.960000000000008
137.644,0.948000000000008
138.58,0.936000000000007
139.52,0.939999999999998
140.464,0.943999999999988
141.428,0.963999999999999
142.356,0.927999999999997
143.268,0.912000000000006
144.208,0.939999999999998
145.108,0.900000000000006
146.012,0.903999999999996
146.884,0.871999999999986
147.772,0.888000000000005
148.608,0.836000000000013
149.448,0.840000000000003
150.264,0.816000000000003
151.088,0.823999999999984
151.9,0.812000000000012
152.708,0.807999999999993
153.532,0.824000000000012
154.36,0.828000000000003
155.184,0.823999999999984
155.984,0.800000000000011
156.796,0.811999999999983
157.592,0.796000000000021
158.416,0.823999999999984
159.264,0.848000000000013
160.16,0.895999999999987
161.088,0.927999999999997
162.036,0.948000000000008
163.012,0.975999999999999
163.98,0.967999999999989
164.952,0.972000000000008
165.908,0.955999999999989
166.872,0.964000000000027
167.84,0.967999999999989
168.792,0.951999999999998
169.744,0.951999999999998
170.696,0.951999999999998
171.64,0.943999999999988
172.592,0.952000000000027
173.556,0.963999999999999
174.516,0.95999999999998
175.476,0.960000000000008
176.428,0.951999999999998
177.38,0.951999999999998
178.316,0.936000000000007
179.288,0.972000000000008
180.26,0.97199999999998
181.236,0.975999999999999
182.172,0.936000000000007
183.088,0.915999999999997
184.028,0.939999999999998
184.936,0.908000000000015
185.836,0.900000000000006
186.768,0.931999999999988
187.74,0.972000000000008
188.684,0.943999999999988
189.624,0.939999999999998
190.552,0.927999999999997
191.476,0.924000000000007
192.412,0.936000000000007
193.348,0.936000000000007
194.344,0.995999999999981
195.368,1.024
196.364,0.996000000000009
197.34,0.975999999999999
198.304,0.963999999999999
199.268,0.963999999999999
200.24,0.972000000000008
201.204,0.963999999999999
202.168,0.963999999999999
203.1,0.931999999999988
204.068,0.968000000000018
205.012,0.943999999999988
205.992,0.97999999999999
206.904,0.912000000000006
207.804,0.900000000000006
208.692,0.888000000000005
209.576,0.883999999999986
210.432,0.855999999999995
211.288,0.856000000000023
212.176,0.887999999999977
213.096,0.920000000000016
214.08,0.984000000000009
215.076,0.995999999999981
216.044,0.968000000000018
216.984,0.939999999999998
217.92,0.935999999999979
218.868,0.948000000000008
219.792,0.924000000000007
220.728,0.936000000000007
221.708,0.97999999999999
222.672,0.963999999999999
223.592,0.920000000000016
224.488,0.895999999999987
225.38,0.891999999999996
226.272,0.891999999999996
227.164,0.891999999999996
228.056,0.892000000000024
228.964,0.907999999999987
229.88,0.915999999999997
230.832,0.951999999999998
231.76,0.927999999999997
232.728,0.968000000000018
233.708,0.97999999999999
234.664,0.955999999999989
235.596,0.932000000000016
236.528,0.931999999999988
237.496,0.968000000000018
238.46,0.963999999999999
239.444,0.98399999999998
240.412,0.968000000000018
241.372,0.960000000000008
242.36,0.988
243.308,0.947999999999979
244.256,0.948000000000008
245.22,0.963999999999999
246.164,0.943999999999988
247.092,0.928000000000026
248.008,0.915999999999997
248.912,0.903999999999996
249.832,0.919999999999987
250.756,0.924000000000007
251.66,0.903999999999996
252.572,0.912000000000006
253.46,0.888000000000005
254.344,0.883999999999986
255.236,0.891999999999996
256.132,0.896000000000015
257.012,0.879999999999995
257.888,0.875999999999976
258.744,0.856000000000051
259.604,0.859999999999957
260.444,0.840000000000032
261.304,0.859999999999957
262.18,0.876000000000033
263.032,0.851999999999975
263.92,0.888000000000034
264.796,0.875999999999976
265.692,0.896000000000015
266.564,0.872000000000014
267.488,0.923999999999978
268.452,0.963999999999999
269.44,0.988
270.424,0.98399999999998
271.384,0.960000000000036
272.348,0.963999999999999
273.316,0.967999999999961
274.316,1
275.264,0.948000000000036
276.192,0.927999999999997
277.112,0.920000000000016
278.028,0.915999999999997
278.896,0.867999999999995
279.748,0.851999999999975
280.58,0.831999999999994
281.392,0.812000000000012
282.2,0.807999999999993
283.016,0.816000000000031
283.832,0.815999999999974
284.608,0.77600000000001
286.968,2.36000000000001
298.52,11.552
300.82,2.30000000000001
301.744,0.924000000000035
302.692,0.947999999999979
303.652,0.95999999999998
304.652,1
305.64,0.988
306.584,0.944000000000017
307.528,0.944000000000017
308.464,0.935999999999979
309.384,0.920000000000016
310.288,0.903999999999996
311.204,0.915999999999997
312.16,0.956000000000017
312.792,0.631999999999948
313.076,0.284000000000049
313.992,0.915999999999997
314.912,0.919999999999959
315.772,0.860000000000014
316.612,0.840000000000032
317.468,0.855999999999995
318.34,0.871999999999957
319.224,0.884000000000015
320.112,0.888000000000034
321.004,0.891999999999996
321.888,0.883999999999958
322.82,0.932000000000016
323.744,0.924000000000035
324.688,0.94399999999996
325.632,0.944000000000017
326.512,0.879999999999995
327.396,0.884000000000015
328.24,0.843999999999994
329.108,0.867999999999995
329.98,0.872000000000014
330.868,0.887999999999977
331.812,0.944000000000017
332.724,0.911999999999978
333.608,0.884000000000015
334.508,0.899999999999977
335.42,0.912000000000035
336.356,0.935999999999979
337.308,0.951999999999998
338.276,0.968000000000018
339.284,1.00799999999998
340.312,1.02800000000002
341.328,1.01599999999996
342.332,1.00400000000002
343.324,0.992000000000019
344.34,1.01599999999996
345.356,1.01600000000002
346.388,1.03199999999998
347.436,1.048
348.476,1.04000000000002
349.504,1.02800000000002
350.484,0.979999999999961
351.42,0.936000000000035
352.344,0.923999999999978
353.276,0.932000000000016
354.184,0.908000000000015
355.112,0.927999999999997
356.032,0.919999999999959
356.952,0.920000000000016
357.896,0.944000000000017
358.848,0.951999999999998
359.78,0.93199999999996
360.672,0.892000000000053
361.576,0.903999999999996
362.46,0.883999999999958
363.336,0.876000000000033
364.204,0.867999999999995
365.06,0.855999999999995
365.912,0.851999999999975
366.776,0.864000000000033
367.656,0.879999999999995
368.528,0.872000000000014
369.38,0.851999999999975
370.216,0.836000000000013
371.032,0.815999999999974
371.836,0.80400000000003
372.64,0.803999999999974
373.46,0.819999999999993
374.304,0.843999999999994
375.156,0.852000000000032
375.992,0.836000000000013
376.816,0.823999999999955
377.64,0.824000000000012
378.484,0.843999999999994
379.316,0.831999999999994
380.136,0.82000000000005
380.976,0.839999999999975
381.816,0.839999999999975
382.648,0.83200000000005
383.5,0.851999999999975
384.356,0.855999999999995
385.224,0.867999999999995
386.052,0.828000000000031
386.884,0.831999999999994
387.728,0.843999999999994
388.54,0.812000000000012
389.356,0.815999999999974
390.172,0.816000000000031
390.992,0.819999999999993
391.816,0.823999999999955
392.624,0.80800000000005
393.424,0.799999999999955
394.212,0.788000000000011
395.016,0.80400000000003
395.804,0.787999999999954
396.592,0.788000000000011
397.384,0.79200000000003
398.168,0.783999999999992
398.948,0.779999999999973
399.728,0.78000000000003
400.476,0.74799999999999
401.24,0.76400000000001
401.98,0.740000000000009
402.728,0.74799999999999
403.484,0.755999999999972
404.248,0.76400000000001
405.02,0.771999999999991
405.768,0.74799999999999
406.52,0.75200000000001
407.268,0.74799999999999
408.02,0.75200000000001
408.804,0.783999999999992
409.58,0.77600000000001
410.332,0.75200000000001
411.1,0.768000000000029
411.876,0.775999999999954
412.64,0.76400000000001
413.42,0.78000000000003
414.2,0.779999999999973
414.98,0.78000000000003
415.764,0.783999999999992
416.54,0.77600000000001
417.328,0.787999999999954
418.112,0.784000000000049
418.904,0.791999999999973
419.716,0.812000000000012
420.524,0.807999999999993
421.344,0.819999999999993
422.188,0.843999999999994
423.044,0.855999999999995
423.908,0.864000000000033
424.768,0.859999999999957
425.624,0.856000000000051
426.46,0.835999999999956
427.264,0.80400000000003
428.056,0.791999999999973
428.836,0.78000000000003
429.612,0.77600000000001
430.372,0.759999999999991
431.128,0.755999999999972
431.884,0.756000000000029
432.612,0.728000000000009
433.348,0.73599999999999
434.08,0.731999999999971
434.812,0.732000000000028
435.552,0.740000000000009
436.268,0.715999999999951
436.984,0.716000000000008
437.704,0.720000000000027
438.42,0.716000000000008
439.14,0.71999999999997
439.844,0.704000000000008
440.552,0.708000000000027
441.244,0.692000000000007
441.956,0.711999999999989
442.66,0.704000000000008
443.352,0.69199999999995
444.036,0.684000000000026
444.724,0.687999999999988
445.392,0.668000000000006
446.068,0.675999999999988
446.748,0.680000000000007
447.432,0.684000000000026
448.1,0.668000000000006
448.78,0.67999999999995
449.456,0.676000000000045
449.792,0.335999999999956
450.136,0.344000000000051
450.808,0.671999999999969
451.48,0.672000000000025
452.164,0.683999999999969
452.832,0.668000000000006
453.504,0.672000000000025
454.18,0.675999999999988
454.864,0.683999999999969
455.532,0.668000000000006
456.204,0.672000000000025
456.888,0.683999999999969
457.552,0.664000000000044
458.232,0.680000000000007
458.912,0.67999999999995
459.592,0.680000000000007
460.256,0.663999999999987
460.932,0.676000000000045
461.608,0.675999999999988
462.284,0.675999999999988
462.952,0.668000000000006
463.652,0.699999999999989
464.328,0.675999999999988
465.024,0.696000000000026
465.708,0.684000000000026
466.4,0.69199999999995
467.1,0.700000000000045
467.804,0.703999999999951
468.504,0.700000000000045
469.228,0.72399999999999
469.944,0.716000000000008
470.648,0.704000000000008
471.364,0.715999999999951
472.084,0.720000000000027
472.788,0.704000000000008
473.492,0.704000000000008
474.196,0.704000000000008
474.888,0.69199999999995
475.588,0.700000000000045
476.296,0.70799999999997
476.984,0.687999999999988
477.688,0.704000000000008
478.384,0.696000000000026
479.076,0.692000000000007
479.78,0.703999999999951
480.492,0.712000000000046
481.18,0.687999999999988
481.892,0.711999999999989
482.588,0.696000000000026
483.292,0.703999999999951
484,0.708000000000027
484.716,0.716000000000008
485.436,0.71999999999997
486.148,0.712000000000046
486.872,0.72399999999999
487.62,0.74799999999999
488.364,0.743999999999971
489.076,0.712000000000046
489.46,0.383999999999958
489.812,0.352000000000032
490.536,0.72399999999999
491.248,0.711999999999989
491.956,0.708000000000027
492.66,0.704000000000008
493.384,0.72399999999999
494.12,0.73599999999999
494.868,0.74799999999999
495.62,0.75200000000001
496.376,0.755999999999972
497.144,0.768000000000029
497.916,0.771999999999991
498.68,0.76400000000001
499.468,0.788000000000011
500.248,0.779999999999973
501.028,0.78000000000003
502.572,1.54399999999998
503.364,0.791999999999973
504.168,0.80400000000003
504.968,0.800000000000011
505.756,0.787999999999954
506.544,0.788000000000011
508.104,1.56
508.88,0.77600000000001
509.672,0.79200000000003
510.528,0.855999999999995
510.936,0.407999999999959
511.2,0.26400000000001
511.936,0.73599999999999
512.684,0.74799999999999
513.42,0.73599999999999
514.168,0.748000000000047
514.924,0.755999999999972
515.64,0.716000000000008
516.392,0.752000000000066
517.136,0.743999999999915
517.868,0.732000000000085
518.612,0.743999999999915
519.348,0.73599999999999
520.096,0.748000000000047
520.86,0.76400000000001
521.588,0.727999999999952
522.34,0.752000000000066
523.076,0.73599999999999
523.832,0.755999999999972
524.596,0.76400000000001
525.364,0.768000000000029
526.14,0.775999999999954
526.924,0.783999999999992
527.688,0.76400000000001
528.46,0.772000000000048
529.224,0.76400000000001
529.988,0.76400000000001
530.756,0.767999999999915
531.52,0.76400000000001
532.288,0.768000000000029
533.052,0.76400000000001
533.812,0.759999999999991
534.576,0.76400000000001
535.336,0.759999999999991
536.096,0.759999999999991
536.864,0.768000000000029
537.636,0.771999999999935
538.388,0.752000000000066
539.144,0.755999999999972
539.916,0.772000000000048
540.692,0.775999999999954
541.484,0.79200000000003
542.252,0.767999999999915
543.032,0.780000000000086
543.808,0.775999999999954
544.596,0.788000000000011
545.38,0.783999999999992
546.156,0.775999999999954
546.944,0.788000000000011
547.696,0.752000000000066
548.464,0.768000000000029
549.232,0.767999999999915
549.992,0.759999999999991
550.768,0.776000000000067
551.544,0.775999999999954
552.32,0.776000000000067
553.124,0.803999999999974
553.916,0.79200000000003
554.712,0.795999999999935
555.508,0.796000000000049
556.304,0.795999999999935
557.108,0.803999999999974
557.916,0.808000000000106
558.692,0.775999999999954
559.472,0.779999999999973
560.252,0.779999999999973
561.024,0.772000000000048
561.844,0.82000000000005
562.632,0.787999999999897
563.432,0.800000000000068
564.24,0.807999999999993
565.024,0.783999999999992
565.816,0.79200000000003
566.604,0.788000000000011
567.4,0.795999999999935
568.208,0.807999999999993
569.044,0.836000000000013
569.868,0.824000000000069
570.716,0.847999999999956
571.564,0.847999999999956
572.42,0.855999999999995
573.288,0.868000000000052
574.132,0.843999999999937
574.98,0.84800000000007
575.836,0.855999999999995
576.696,0.860000000000014
577.56,0.863999999999919
578.396,0.836000000000013
579.232,0.836000000000013
580.06,0.827999999999975
580.88,0.82000000000005
581.704,0.823999999999955
582.54,0.836000000000013
583.396,0.855999999999995
584.252,0.855999999999995
585.108,0.855999999999995
585.98,0.872000000000071
586.844,0.864000000000033
587.688,0.843999999999937
588.524,0.836000000000013
589.34,0.816000000000031
590.16,0.819999999999936
590.968,0.807999999999993
591.772,0.804000000000087
592.58,0.807999999999993
593.392,0.812000000000012
594.2,0.807999999999993
595.012,0.811999999999898
595.816,0.804000000000087
596.608,0.791999999999916
597.384,0.776000000000067
598.152,0.768000000000029
598.892,0.740000000000009
599.616,0.723999999999933
600.348,0.731999999999971
601.072,0.724000000000046
601.788,0.716000000000008
602.516,0.727999999999952
603.224,0.708000000000084
603.64,0.41599999999994
603.96,0.32000000000005
604.688,0.727999999999952
606.072,1.38400000000001
606.436,0.364000000000033
606.832,0.395999999999958
607.564,0.731999999999971
608.288,0.724000000000046
609.036,0.747999999999934
609.8,0.76400000000001
610.564,0.76400000000001
611.324,0.759999999999991
612.104,0.780000000000086
612.884,0.779999999999973
613.652,0.768000000000029
614.424,0.771999999999935
615.192,0.768000000000029
615.96,0.768000000000029
616.708,0.747999999999934
617.46,0.752000000000066
618.22,0.759999999999991
618.96,0.740000000000009
619.728,0.767999999999915
621.256,1.52800000000002
622.02,0.76400000000001
622.792,0.772000000000048
623.556,0.76400000000001
624.32,0.76400000000001
625.096,0.775999999999954
625.484,0.388000000000034
625.84,0.355999999999995
626.644,0.803999999999974
627.436,0.79200000000003
628.216,0.779999999999973
629.028,0.812000000000012
629.836,0.807999999999993
630.644,0.807999999999993
631.42,0.775999999999954
632.204,0.783999999999992
633,0.796000000000049
633.792,0.79200000000003
634.564,0.771999999999935
635.344,0.780000000000086
636.112,0.767999999999915
636.548,0.436000000000035
637.064,0.515999999999963
637.64,0.576000000000022
638.388,0.748000000000047
639.088,0.699999999999932
639.812,0.724000000000046
640.5,0.687999999999988
641.208,0.70799999999997
641.876,0.668000000000006
642.556,0.680000000000064
643.236,0.67999999999995
643.912,0.676000000000045
644.592,0.67999999999995
645.272,0.680000000000064
645.964,0.692000000000007
646.66,0.695999999999913
647.36,0.700000000000045
648.072,0.711999999999989
648.788,0.716000000000008
649.516,0.727999999999952
650.256,0.740000000000009
650.984,0.728000000000065
651.732,0.747999999999934
652.48,0.748000000000047
653.244,0.76400000000001
654,0.755999999999972
654.756,0.755999999999972
655.516,0.759999999999991
656.296,0.780000000000086
657.032,0.73599999999999
657.796,0.76400000000001
658.548,0.751999999999953
659.276,0.727999999999952
660.02,0.744000000000028
660.768,0.748000000000047
661.504,0.73599999999999
662.26,0.755999999999972
663.008,0.748000000000047
663.768,0.759999999999991
664.544,0.775999999999954
665.336,0.79200000000003
666.132,0.795999999999935
666.944,0.812000000000012
667.756,0.812000000000012
668.588,0.831999999999994
669.42,0.831999999999994
670.228,0.807999999999993
671,0.772000000000048
671.752,0.751999999999953
672.484,0.732000000000085
673.22,0.73599999999999
673.948,0.727999999999952
674.692,0.744000000000028
675.452,0.759999999999991
676.224,0.772000000000048
677.016,0.791999999999916
677.816,0.800000000000068
678.608,0.791999999999916
679.392,0.784000000000106
680.164,0.771999999999935
680.944,0.779999999999973
681.708,0.76400000000001
682.492,0.783999999999992
683.292,0.800000000000068
684.076,0.783999999999992
684.908,0.831999999999994
685.736,0.827999999999975
686.6,0.864000000000033
687.184,0.583999999999946
687.464,0.280000000000086
688.348,0.883999999999901
689.208,0.860000000000014
690.1,0.892000000000053
690.976,0.875999999999976
691.864,0.888000000000034
692.728,0.863999999999919
693.608,0.879999999999995
694.484,0.87600000000009
695.356,0.871999999999957
696.244,0.888000000000034
697.12,0.875999999999976
697.984,0.864000000000033
698.88,0.895999999999958
699.772,0.892000000000053
700.408,0.635999999999967
700.66,0.251999999999953
701.536,0.875999999999976
702.408,0.872000000000071
703.3,0.891999999999939
704.164,0.864000000000033
713.404,9.24000000000001
713.9,0.495999999999981
720.608,6.70799999999997
721.44,0.832000000000107
722.276,0.835999999999899
723.136,0.860000000000014
723.976,0.840000000000032
724.82,0.844000000000051
725.656,0.835999999999899
726.492,0.836000000000013
727.316,0.824000000000069
728.14,0.823999999999955
728.996,0.855999999999995
729.86,0.864000000000033
730.168,0.307999999999993
730.676,0.508000000000038
731.52,0.843999999999937
732.348,0.827999999999975
733.164,0.816000000000031
733.992,0.827999999999975
734.788,0.796000000000049
735.136,0.347999999999956
735.58,0.444000000000074
736.208,0.627999999999929
736.604,0.396000000000072
737.084,0.479999999999905
737.388,0.304000000000087
737.844,0.456000000000017
738.568,0.723999999999933
739.316,0.748000000000047
740.048,0.731999999999971
740.768,0.720000000000027
741.484,0.716000000000008
742.188,0.703999999999951
742.872,0.683999999999969
743.572,0.700000000000045
744.268,0.696000000000026
744.988,0.720000000000027
745.72,0.731999999999971
746.492,0.771999999999935
747.272,0.780000000000086
748.08,0.807999999999993
748.892,0.812000000000012
749.696,0.803999999999974
750.488,0.79200000000003
750.86,0.371999999999957
751.272,0.412000000000035
752.076,0.803999999999974
752.876,0.799999999999955
753.3,0.423999999999978
753.656,0.355999999999995
754.464,0.808000000000106
754.824,0.3599999999999
755.26,0.436000000000035
756.044,0.783999999999992
756.412,0.368000000000052
756.812,0.399999999999977
757.604,0.79200000000003
758.38,0.775999999999954
759.144,0.76400000000001
759.908,0.76400000000001
760.344,0.436000000000035
760.948,0.603999999999928
761.436,0.488000000000056
762.5,1.06399999999996
762.988,0.488000000000056
763.28,0.291999999999916
763.752,0.47199999999998
764.496,0.744000000000028
765.24,0.744000000000028
765.508,0.268000000000029
765.972,0.463999999999942
766.4,0.427999999999997
766.748,0.34800000000007
767.528,0.779999999999973
768.308,0.779999999999973
769.112,0.803999999999974
769.892,0.780000000000086
770.68,0.787999999999897
771.464,0.784000000000106
772.256,0.791999999999916
773.02,0.76400000000001
773.796,0.776000000000067
774.552,0.755999999999972
775.3,0.747999999999934
776.056,0.756000000000085
776.792,0.73599999999999
777.516,0.723999999999933
778.224,0.708000000000084
778.932,0.70799999999997
779.636,0.703999999999951
780.336,0.700000000000045
781.056,0.720000000000027
781.78,0.723999999999933
782.532,0.752000000000066
783.292,0.759999999999991
784.068,0.775999999999954
784.892,0.824000000000069
785.712,0.819999999999936
786.528,0.816000000000031
787.336,0.807999999999993
788.148,0.812000000000012
788.984,0.836000000000013
789.82,0.836000000000013
790.652,0.831999999999994
791.46,0.807999999999993
792.284,0.823999999999955
793.08,0.796000000000049
793.928,0.847999999999956
794.768,0.840000000000032
795.588,0.819999999999936
796.404,0.816000000000031
797.22,0.816000000000031
798.02,0.799999999999955
798.86,0.840000000000032
799.668,0.807999999999993
800.504,0.836000000000013
801.336,0.831999999999994
802.156,0.819999999999936
802.996,0.840000000000032
803.832,0.836000000000013
804.656,0.823999999999955
805.4,0.744000000000028
806.332,0.932000000000016
807.188,0.855999999999995
808.016,0.827999999999975
808.828,0.812000000000012
809.652,0.824000000000069
810.46,0.807999999999993
811.268,0.807999999999993
812.076,0.807999999999993
812.872,0.795999999999935
813.668,0.796000000000049
814.48,0.812000000000012
815.3,0.819999999999936
816.136,0.836000000000013
816.988,0.852000000000089
817.852,0.863999999999919
818.716,0.864000000000033
819.612,0.895999999999958
820.556,0.944000000000074
821.52,0.963999999999942
822.464,0.944000000000074
823.408,0.94399999999996
823.684,0.275999999999954
824.344,0.660000000000082
826.24,1.89599999999996
827.208,0.967999999999961
828.144,0.936000000000035
829.088,0.94399999999996
830.036,0.947999999999979
831.02,0.984000000000037
832.012,0.991999999999962
833.02,1.00800000000004
834.044,1.024
835.06,1.01599999999996
836.056,0.996000000000095
837.04,0.983999999999924
838.012,0.97199999999998
839.012,1
839.988,0.976000000000113
840.976,0.987999999999943
841.968,0.991999999999962
842.956,0.988000000000056
843.968,1.01199999999994
845.004,1.03600000000006
846.056,1.05200000000002
847.048,0.991999999999962
848.056,1.00800000000004
849.104,1.048
850.092,0.987999999999943
851.068,0.975999999999999
852.076,1.00800000000004
853.032,0.956000000000017
854,0.967999999999961
854.928,0.927999999999997
855.86,0.932000000000016
856.78,0.919999999999959
857.676,0.896000000000072
858.572,0.895999999999958
859.5,0.927999999999997
860.412,0.912000000000035
861.348,0.935999999999922
862.272,0.924000000000092
863.188,0.91599999999994
863.556,0.368000000000052
864.116,0.559999999999945
864.496,0.379999999999995
865.024,0.52800000000002
865.932,0.908000000000015
866.812,0.879999999999995
868.608,1.79599999999994
869.512,0.903999999999996
870.428,0.916000000000054
871.34,0.912000000000035
872.256,0.91599999999994
873.172,0.916000000000054
874.052,0.879999999999995
874.956,0.903999999999996
875.84,0.884000000000015
876.692,0.851999999999975
877.52,0.827999999999975
878.364,0.844000000000051
879.232,0.867999999999938
880.072,0.840000000000032
880.876,0.803999999999974
881.68,0.803999999999974
882.476,0.796000000000049
883.292,0.816000000000031
884.108,0.815999999999917
884.964,0.856000000000108
885.86,0.895999999999958
886.752,0.891999999999939
887.648,0.896000000000072
888.588,0.939999999999941
889.532,0.944000000000074
890.48,0.947999999999979
891.404,0.923999999999978
892.34,0.936000000000035
893.292,0.951999999999998
894.224,0.932000000000016
895.18,0.955999999999904
896.12,0.940000000000055
897.036,0.91599999999994
897.936,0.900000000000091
899.456,1.51999999999998
899.708,0.251999999999953
900.568,0.860000000000014
901.412,0.844000000000051
902.292,0.879999999999995
903.144,0.851999999999975
904.048,0.903999999999996
904.952,0.903999999999996
905.852,0.899999999999977
906.268,0.416000000000054
907.396,1.12799999999993
907.648,0.252000000000066
908.556,0.908000000000015
909.44,0.884000000000015
910.312,0.871999999999957
911.168,0.855999999999995
911.664,0.495999999999981
912.048,0.384000000000015
912.888,0.840000000000032
913.744,0.855999999999995
914.604,0.860000000000014
915.492,0.88799999999992
916.38,0.888000000000034
917.304,0.923999999999978
918.192,0.888000000000034
919.068,0.875999999999976
919.936,0.868000000000052
920.772,0.836000000000013
921.624,0.851999999999975
922.452,0.827999999999975
923.3,0.847999999999956
924.12,0.82000000000005
924.944,0.823999999999955
925.768,0.824000000000069
926.572,0.803999999999974
927.38,0.807999999999993
928.192,0.812000000000012
928.992,0.799999999999955
929.808,0.816000000000031
930.604,0.796000000000049
931.42,0.815999999999917
932.252,0.831999999999994
933.084,0.831999999999994
933.884,0.800000000000068
934.708,0.823999999999955
935.508,0.800000000000068
936.328,0.819999999999936
937.14,0.812000000000012
937.952,0.812000000000012
938.812,0.860000000000014
939.66,0.847999999999956
940.508,0.84800000000007
942.196,1.68799999999999
942.476,0.279999999999973
943.036,0.559999999999945
943.58,0.544000000000096
943.88,0.299999999999955
944.768,0.888000000000034
945.628,0.860000000000014
946.488,0.860000000000014
947.336,0.847999999999956
947.832,0.495999999999981
948.164,0.331999999999994
949.008,0.844000000000051
949.852,0.843999999999937
950.704,0.851999999999975
951.552,0.84800000000007
952.424,0.871999999999957
953.26,0.836000000000013
954.068,0.807999999999993
954.864,0.796000000000049
955.664,0.799999999999955
956.484,0.82000000000005
957.32,0.836000000000013
958.156,0.835999999999899
959.008,0.852000000000089
959.86,0.851999999999975
960.688,0.827999999999975
961.512,0.823999999999955
962.32,0.808000000000106
963.152,0.831999999999994
964.008,0.855999999999995
964.84,0.831999999999994
965.692,0.851999999999975
966.524,0.831999999999994
967.348,0.823999999999955
968.16,0.812000000000012
968.992,0.831999999999994
969.832,0.840000000000032
970.656,0.823999999999955
971.504,0.84800000000007
972.328,0.823999999999955
973.16,0.831999999999994
973.992,0.831999999999994
974.816,0.824000000000069
975.644,0.827999999999975
976.468,0.823999999999955
977.284,0.816000000000031
978.112,0.827999999999975
978.924,0.812000000000012
979.736,0.812000000000012
980.556,0.82000000000005
981.36,0.803999999999974
982.176,0.816000000000031
982.976,0.799999999999955
983.78,0.803999999999974
984.572,0.79200000000003
985.38,0.807999999999993
986.988,1.60800000000006
987.788,0.799999999999955
989.404,1.61599999999999
990.22,0.816000000000031
991.036,0.815999999999917
991.84,0.804000000000087
992.648,0.807999999999993
993.444,0.795999999999935
994.256,0.812000000000012
995.052,0.796000000000049
995.86,0.807999999999993
996.652,0.79200000000003
998.228,1.57599999999991
999,0.772000000000048
999.816,0.816000000000031
1000.6,0.783999999999992
1001.404,0.803999999999974
1002.204,0.799999999999955
1003.012,0.807999999999993
1003.816,0.804000000000087
1004.612,0.795999999999935
1005.424,0.812000000000012
1006.24,0.816000000000031
1007.044,0.803999999999974
1007.868,0.824000000000069
1008.696,0.827999999999975
1009.528,0.831999999999994
1010.352,0.823999999999955
1011.172,0.82000000000005
1011.98,0.807999999999993
1012.82,0.840000000000032
1013.668,0.847999999999956
1014.544,0.875999999999976
1015.428,0.884000000000015
1016.288,0.860000000000014
1017.124,0.836000000000013
1017.94,0.816000000000031
1018.776,0.835999999999899
1019.592,0.816000000000031
1020.396,0.803999999999974
1021.184,0.788000000000011
1021.984,0.800000000000068
1022.78,0.795999999999935
1023.536,0.755999999999972
1024.304,0.768000000000143
1025.06,0.755999999999858
1025.82,0.759999999999991
1026.564,0.744000000000142
1027.312,0.74799999999982
1028.056,0.744000000000142
1028.82,0.763999999999896
1029.58,0.759999999999991
1030.328,0.748000000000047
1031.096,0.768000000000029
1031.86,0.763999999999896
1032.64,0.7800000000002
1033.4,0.759999999999991
1034.172,0.771999999999935
1034.956,0.783999999999878
1035.74,0.784000000000106
1036.512,0.771999999999935
1037.288,0.776000000000067
1038.048,0.759999999999991
1038.824,0.776000000000067
1039.592,0.768000000000029
1040.36,0.767999999999802
1041.144,0.784000000000106
1041.924,0.779999999999973
1042.708,0.784000000000106
1043.48,0.771999999999935
1044.26,0.779999999999973
1045.04,0.779999999999973
1045.808,0.768000000000029
1046.592,0.784000000000106
1047.376,0.783999999999878
1048.16,0.784000000000106
1048.952,0.791999999999916
1049.744,0.791999999999916
1050.54,0.796000000000049
1051.348,0.807999999999993
1052.136,0.788000000000011
1052.928,0.792000000000144
1053.724,0.795999999999822
1054.524,0.799999999999955
1055.336,0.812000000000126
1056.132,0.796000000000049
1056.948,0.816000000000031
1057.748,0.799999999999955
1058.552,0.80399999999986
1059.364,0.812000000000126
1060.196,0.83199999999988
1061.036,0.840000000000146
1061.852,0.816000000000031
1062.692,0.839999999999918
1063.52,0.827999999999975
1064.344,0.824000000000069
1065.124,0.779999999999973
1065.912,0.788000000000011
1066.7,0.788000000000011
1067.496,0.796000000000049
1068.284,0.788000000000011
1069.06,0.77599999999984
1069.824,0.764000000000124
1070.596,0.771999999999935
1071.388,0.791999999999916
1072.184,0.796000000000049
1072.984,0.799999999999955
1073.756,0.772000000000162
1074.556,0.799999999999955
1075.356,0.799999999999955
1076.132,0.776000000000067
1076.924,0.791999999999916
1077.712,0.788000000000011
1078.5,0.788000000000011
1079.292,0.791999999999916
1080.1,0.807999999999993
1080.912,0.812000000000126
1081.712,0.799999999999955
1082.504,0.791999999999916
1083.3,0.796000000000049
1084.08,0.779999999999973
1084.84,0.759999999999991
1085.6,0.759999999999991
1086.372,0.772000000000162
1087.136,0.763999999999896
1087.896,0.759999999999991
1088.652,0.756000000000085
1089.404,0.751999999999953
1090.164,0.759999999999991
1090.928,0.764000000000124
1091.696,0.767999999999802
1092.472,0.776000000000067
1093.244,0.771999999999935
1094.016,0.772000000000162
1094.808,0.791999999999916
1095.604,0.796000000000049
1096.4,0.796000000000049
1097.188,0.788000000000011
1097.976,0.788000000000011
1098.78,0.80399999999986
1099.576,0.796000000000049
1100.372,0.796000000000049
1101.18,0.807999999999993
1102.012,0.83199999999988
1102.84,0.827999999999975
1103.68,0.840000000000146
1104.508,0.827999999999975
1105.344,0.836000000000013
1106.216,0.871999999999844
1107.1,0.884000000000015
1107.988,0.888000000000147
1108.86,0.871999999999844
1109.728,0.868000000000166
1110.62,0.891999999999825
1111.504,0.884000000000015
1112.412,0.908000000000129
1113.332,0.920000000000073
1114.244,0.911999999999807
1115.14,0.896000000000186
1116.04,0.899999999999864
1116.936,0.895999999999958
1117.832,0.896000000000186
1118.74,0.907999999999902
1119.652,0.912000000000035
1120.552,0.899999999999864
1121.44,0.888000000000147
1122.344,0.903999999999996
1123.256,0.912000000000035
1124.16,0.903999999999996
1125.072,0.911999999999807
1125.984,0.912000000000035
1126.892,0.908000000000129
1127.8,0.907999999999902
1128.708,0.908000000000129
1129.62,0.911999999999807
1130.524,0.903999999999996
1131.416,0.892000000000053
1132.312,0.895999999999958
1133.212,0.900000000000091
1134.128,0.91599999999994
1135.032,0.903999999999996
1135.932,0.900000000000091
1136.828,0.895999999999958
1137.704,0.875999999999976
1138.592,0.888000000000147
1139.472,0.879999999999882
1140.352,0.880000000000109
1141.232,0.879999999999882
1142.116,0.884000000000015
1142.984,0.867999999999938
1143.852,0.868000000000166
1144.732,0.879999999999882
1145.6,0.867999999999938
1146.46,0.860000000000127
1147.312,0.851999999999862
1148.172,0.860000000000127
1149.024,0.851999999999862
1149.876,0.852000000000089
1150.736,0.860000000000127
1151.608,0.871999999999844
1152.476,0.868000000000166
1153.34,0.863999999999805
1154.208,0.868000000000166
1155.076,0.867999999999938
1155.948,0.872000000000071
1156.812,0.863999999999805
1157.656,0.844000000000051
1158.504,0.847999999999956
1159.368,0.864000000000033
1160.212,0.844000000000051
1161.048,0.836000000000013
1161.884,0.836000000000013
1162.696,0.811999999999898
1163.516,0.820000000000164
1164.328,0.811999999999898
1165.14,0.812000000000126
1165.94,0.799999999999955
1166.756,0.816000000000031
1167.564,0.807999999999993
1168.372,0.807999999999993
1169.164,0.791999999999916
1169.968,0.804000000000087
1170.764,0.795999999999822
1171.6,0.836000000000013
1172.412,0.812000000000126
1173.232,0.819999999999936
1174.032,0.799999999999955
1174.82,0.788000000000011
1175.6,0.779999999999973
1176.38,0.7800000000002
1177.156,0.77599999999984
1177.944,0.788000000000011
1178.72,0.776000000000067
1179.504,0.783999999999878
1180.28,0.776000000000067
1181.068,0.788000000000011
1181.852,0.784000000000106
1182.644,0.791999999999916
1183.436,0.791999999999916
1184.236,0.800000000000182
1185.032,0.795999999999822
1185.852,0.820000000000164
1186.664,0.811999999999898
1187.476,0.812000000000126
1188.296,0.819999999999936
1189.116,0.819999999999936
1189.928,0.812000000000126
1190.744,0.815999999999804
1191.56,0.816000000000031
1192.376,0.816000000000031
1193.192,0.816000000000031
1194.008,0.816000000000031
1194.84,0.83199999999988
1195.656,0.816000000000031
1196.468,0.812000000000126
1197.28,0.811999999999898
1198.088,0.807999999999993
1198.904,0.816000000000031
1199.724,0.819999999999936
1200.54,0.816000000000031
1201.356,0.816000000000031
1202.176,0.819999999999936
1202.988,0.812000000000126
1203.8,0.811999999999898
1204.612,0.812000000000126
1205.408,0.795999999999822
1206.216,0.807999999999993
1207.016,0.800000000000182
1207.808,0.791999999999916
1208.612,0.804000000000087
1209.4,0.788000000000011
1210.208,0.807999999999993
1211.004,0.795999999999822
1211.808,0.804000000000087
1212.608,0.799999999999955
1213.412,0.804000000000087
1214.232,0.819999999999936
1215.028,0.796000000000049
1215.828,0.799999999999955
1216.632,0.804000000000087
1217.44,0.807999999999993
1218.244,0.80399999999986
1219.044,0.800000000000182
1219.836,0.791999999999916
1220.648,0.811999999999898
1221.432,0.784000000000106
1222.232,0.799999999999955
1223.028,0.796000000000049
1223.824,0.796000000000049
1224.628,0.80399999999986
1225.44,0.812000000000126
1226.236,0.796000000000049
1227.04,0.80399999999986
1227.848,0.807999999999993
1228.648,0.799999999999955
1229.46,0.812000000000126
1230.252,0.791999999999916
1231.06,0.807999999999993
1231.848,0.788000000000011
1232.66,0.812000000000126
1233.448,0.788000000000011
1234.248,0.799999999999955
1235.032,0.783999999999878
1235.8,0.768000000000029
1236.564,0.764000000000124
1237.332,0.768000000000029
1238.1,0.767999999999802
1238.856,0.756000000000085
1239.588,0.731999999999971
1240.304,0.716000000000122
1241.008,0.703999999999951
1241.724,0.715999999999894
1242.444,0.720000000000027
1243.144,0.700000000000045
1243.864,0.720000000000027
1244.572,0.707999999999856
1245.284,0.712000000000216
1246.004,0.7199999999998
1246.728,0.72400000000016
1247.452,0.723999999999933
1248.152,0.700000000000045
1248.884,0.731999999999971
1249.604,0.720000000000027
1250.324,0.720000000000027
1251.048,0.723999999999933
1251.784,0.736000000000104
1252.536,0.751999999999953
1253.308,0.771999999999935
1254.076,0.768000000000029
1254.836,0.759999999999991
1255.592,0.756000000000085
1256.344,0.751999999999953
1257.112,0.768000000000029
1257.876,0.763999999999896
1258.632,0.756000000000085
1259.38,0.748000000000047
1273.424,14.0439999999999
1273.916,0.491999999999962
1275.608,1.69200000000001
1276.468,0.860000000000127
1277.332,0.864000000000033
1278.168,0.835999999999785
1278.992,0.824000000000069
1279.816,0.824000000000069
1280.64,0.824000000000069
1281.452,0.811999999999898
1282.276,0.824000000000069
1283.1,0.823999999999842
1283.948,0.848000000000184
1284.796,0.847999999999956
1285.664,0.867999999999938
1286.536,0.872000000000071
1287.424,0.88799999999992
1288.316,0.892000000000053
1289.216,0.899999999999864
1290.128,0.912000000000035
1291.008,0.880000000000109
1291.9,0.892000000000053
1292.756,0.855999999999995
1293.612,0.855999999999995
1294.464,0.851999999999862
1295.292,0.827999999999975
1296.128,0.836000000000013
1296.956,0.827999999999975
1297.788,0.832000000000107
1298.596,0.807999999999993
1299.4,0.804000000000087
1300.184,0.783999999999878
1300.944,0.759999999999991
1301.712,0.768000000000029
1302.452,0.740000000000009
1303.216,0.763999999999896
1303.564,0.348000000000184
1303.992,0.427999999999884
1304.76,0.768000000000029
1305.52,0.759999999999991
1306.304,0.784000000000106
1307.08,0.77599999999984
1307.848,0.768000000000029
1308.644,0.796000000000049
1309.424,0.779999999999973
1310.176,0.751999999999953
1310.924,0.748000000000047
1311.684,0.759999999999991
1312.428,0.744000000000142
1313.16,0.731999999999971
1313.9,0.740000000000009
1314.652,0.751999999999953
1315.412,0.759999999999991
1316.18,0.768000000000029
1316.98,0.799999999999955
1317.78,0.799999999999955
1318.628,0.847999999999956
1319.48,0.852000000000089
1320.364,0.884000000000015
1321.264,0.899999999999864
1322.168,0.903999999999996
1323.056,0.888000000000147
1323.96,0.903999999999996
1324.904,0.94399999999996
1325.82,0.91599999999994
1326.776,0.956000000000131
1327.732,0.955999999999904
1328.652,0.920000000000073
1329.556,0.903999999999996
1330.472,0.91599999999994
1331.368,0.895999999999958
1332.248,0.880000000000109
1333.1,0.851999999999862
1333.96,0.860000000000127
1334.776,0.816000000000031
1335.596,0.819999999999936
1336.396,0.799999999999955
1337.2,0.804000000000087
1337.996,0.796000000000049
1338.76,0.763999999999896
1339.568,0.807999999999993
1340.36,0.791999999999916
1341.188,0.828000000000202
1342.048,0.8599999999999
1343,0.951999999999998
1343.932,0.932000000000016
1344.836,0.903999999999996
1345.704,0.867999999999938
1346.608,0.903999999999996
1347.132,0.524000000000115
1347.484,0.351999999999862
1348.152,0.66800000000012
1349.216,1.06399999999985
1350.084,0.868000000000166
1350.976,0.892000000000053
1351.332,0.355999999999995
1351.852,0.519999999999982
1352.72,0.867999999999938
1353.588,0.867999999999938
1354.424,0.836000000000013
1355.28,0.855999999999995
1356.128,0.847999999999956
1356.98,0.852000000000089
1357.824,0.844000000000051
1358.668,0.843999999999824
1359.568,0.900000000000091
1360.444,0.875999999999976
1361.336,0.892000000000053
1362.224,0.88799999999992
1363.108,0.884000000000015
1363.98,0.872000000000071
1364.88,0.900000000000091
1365.788,0.907999999999902
1366.672,0.884000000000015
1367.584,0.912000000000035
1368.484,0.899999999999864
1369.396,0.912000000000035
1370.296,0.900000000000091
1371.148,0.851999999999862
1372.016,0.868000000000166
1372.884,0.867999999999938
1373.756,0.872000000000071
1374.6,0.843999999999824
1375.404,0.804000000000087
1376.228,0.824000000000069
1377.036,0.807999999999993
1377.872,0.836000000000013
1378.7,0.827999999999975
1379.524,0.823999999999842
1380.356,0.832000000000107
1381.192,0.836000000000013
1382.016,0.824000000000069
1382.828,0.811999999999898
1383.612,0.784000000000106
1384.416,0.80399999999986
1385.236,0.820000000000164
1386.064,0.827999999999975
1386.892,0.827999999999975
1387.724,0.83199999999988
1388.556,0.832000000000107
1389.388,0.83199999999988
1390.232,0.844000000000051
1391.076,0.844000000000051
1391.932,0.855999999999995
1392.792,0.8599999999999
1393.66,0.868000000000166
1394.156,0.495999999999867
1394.516,0.360000000000127
1395.336,0.819999999999936
1396.18,0.844000000000051
1397.044,0.864000000000033
1397.868,0.823999999999842
1398.688,0.820000000000164
1399.528,0.839999999999918
1400.348,0.819999999999936
1401.168,0.819999999999936
1401.996,0.828000000000202
1402.788,0.791999999999916
1403.544,0.756000000000085
1404.316,0.771999999999935
1405.076,0.759999999999991
1405.848,0.771999999999935
1406.616,0.768000000000029
1407.38,0.764000000000124
1408.148,0.767999999999802
1408.916,0.768000000000029
1409.672,0.756000000000085
1410.448,0.776000000000067
1411.224,0.77599999999984
1412,0.776000000000067
1412.816,0.816000000000031
1413.628,0.811999999999898
1414.46,0.832000000000107
1415.3,0.839999999999918
1416.148,0.847999999999956
1417.004,0.855999999999995
1417.852,0.848000000000184
1418.656,0.80399999999986
1419.484,0.827999999999975
1420.312,0.827999999999975
1421.14,0.828000000000202
1421.964,0.823999999999842
1422.784,0.820000000000164
1423.604,0.819999999999936
1424.432,0.827999999999975
1425.248,0.816000000000031
1426.108,0.8599999999999
1426.94,0.832000000000107
1427.808,0.867999999999938
1428.676,0.867999999999938
1429.548,0.872000000000071
1430.4,0.852000000000089
1431.252,0.851999999999862
1432.116,0.864000000000033
1433.004,0.88799999999992
1433.9,0.896000000000186
1434.792,0.891999999999825
1435.668,0.875999999999976
1436.528,0.860000000000127
1437.384,0.855999999999995
1438.24,0.855999999999995
1439.068,0.827999999999975
1439.892,0.824000000000069
1440.728,0.836000000000013
1441.54,0.811999999999898
1442.344,0.804000000000087
1443.156,0.811999999999898
1443.96,0.804000000000087
1444.78,0.819999999999936
1445.624,0.844000000000051
1446.476,0.852000000000089
1447.344,0.867999999999938
1448.224,0.879999999999882
1449.144,0.920000000000073
1450.072,0.927999999999884
1450.992,0.920000000000073
1451.904,0.912000000000035
1452.788,0.884000000000015
1453.672,0.884000000000015
1454.544,0.872000000000071
1455.396,0.851999999999862
1456.224,0.827999999999975
1457.04,0.816000000000031
1457.848,0.807999999999993
1458.652,0.804000000000087
1459.44,0.788000000000011
1460.224,0.783999999999878
1461.012,0.788000000000011
1461.788,0.776000000000067
1462.576,0.788000000000011
1463.36,0.783999999999878
1464.164,0.804000000000087
1464.936,0.771999999999935
1465.696,0.759999999999991
1466.46,0.764000000000124
1467.208,0.748000000000047
1467.924,0.715999999999894
1468.656,0.731999999999971
1469.356,0.700000000000045
1470.084,0.728000000000065
1470.504,0.419999999999845
1471.64,1.13600000000019
1472.396,0.755999999999858
1473.168,0.771999999999935
1473.936,0.768000000000029
1474.708,0.772000000000162
1475.48,0.771999999999935
1476.24,0.759999999999991
1477.016,0.776000000000067
1477.8,0.783999999999878
1479.4,1.60000000000014
1480.236,0.836000000000013
1481.08,0.843999999999824
1481.932,0.852000000000089
1482.732,0.799999999999955
1483.572,0.839999999999918
1485.244,1.67200000000003
1486.504,1.25999999999999
1487.948,1.44400000000019
1488.916,0.967999999999847
1489.928,1.01200000000017
1490.92,0.991999999999962
1491.912,0.991999999999962
1492.956,1.04399999999987
1494.024,1.06799999999998
1495.124,1.10000000000014
1496.136,1.01199999999994
1497.28,1.14400000000001
1498.456,1.17599999999993
1499.568,1.11200000000008
1500.568,1
1501.496,0.928000000000111
1502.34,0.843999999999824
1503.132,0.792000000000144
1504.092,0.960000000000036
1505.172,1.07999999999993
1506.24,1.06799999999998
1507.252,1.01199999999994
1508.308,1.05600000000004
1509.384,1.07600000000002
1510.428,1.0440000000001
1511.468,1.03999999999996
1512.504,1.03599999999983
1513.536,1.03200000000015
1514.484,0.947999999999865
1515.464,0.980000000000018
1516.448,0.984000000000151
1517.42,0.97199999999998
1518.34,0.919999999999845
1519.324,0.984000000000151
1520.332,1.00800000000004
1521.344,1.01199999999994
1522.312,0.967999999999847
1523.284,0.972000000000207
1524.236,0.951999999999998
1525.276,1.03999999999996
1526.388,1.11199999999985
1527.468,1.08000000000015
1528.52,1.05199999999991
1529.576,1.05600000000004
1530.616,1.03999999999996
1531.708,1.0920000000001
1532.788,1.07999999999993
1533.8,1.01199999999994
1534.84,1.03999999999996
1535.828,0.988000000000056
1536.828,1
1537.788,0.960000000000036
1538.748,0.960000000000036
1539.672,0.923999999999978
1540.588,0.91599999999994
1541.172,0.58400000000006
1541.508,0.336000000000013
1542.44,0.932000000000016
1543.328,0.88799999999992
1544.208,0.880000000000109
1545.12,0.911999999999807
1546.088,0.968000000000075
1547.056,0.968000000000075
1547.976,0.920000000000073
1548.888,0.911999999999807
1549.776,0.888000000000147
1550.664,0.88799999999992
1551.568,0.903999999999996
1552.5,0.932000000000016
1553.44,0.940000000000055
1554.392,0.951999999999998
1555.356,0.963999999999942
1556.312,0.955999999999904
1557.28,0.968000000000075
1558.3,1.01999999999998
1559.344,1.0440000000001
1560.356,1.01199999999994
1561.348,0.991999999999962
1562.308,0.960000000000036
1563.26,0.951999999999998
1564.184,0.923999999999978
1565.108,0.923999999999978
1566.016,0.908000000000129
1566.928,0.912000000000035
1567.848,0.919999999999845
1568.752,0.903999999999996
1569.672,0.920000000000073
1570.628,0.955999999999904
1571.636,1.00800000000004
1572.656,1.01999999999998
1573.616,0.960000000000036
1574.528,0.912000000000035
1575.452,0.923999999999978
1576.372,0.920000000000073
1577.324,0.951999999999998
1578.324,1
1579.308,0.983999999999924
1580.256,0.948000000000093
1581.176,0.919999999999845
1582.068,0.892000000000053
1582.952,0.884000000000015
1583.828,0.875999999999976
1584.728,0.900000000000091
1585.628,0.899999999999864
1586.548,0.920000000000073
1587.46,0.912000000000035
1588.016,0.55600000000004
1588.352,0.336000000000013
1589.192,0.839999999999918
1590.044,0.852000000000089
1590.916,0.871999999999844
1591.824,0.908000000000129
1592.716,0.891999999999825
1593.588,0.872000000000071
1594.5,0.912000000000035
1595.416,0.91599999999994
1596.328,0.912000000000035
1596.836,0.508000000000038
1597.268,0.432000000000016
1597.844,0.576000000000022
1598.216,0.371999999999844
1599.12,0.903999999999996
1599.672,0.552000000000135
1599.944,0.271999999999935
1600.496,0.552000000000135
1600.96,0.463999999999942
1601.888,0.927999999999884
1602.824,0.936000000000149
1603.788,0.963999999999942
1604.744,0.955999999999904
1605.712,0.968000000000075
1606.32,0.607999999999947
1606.704,0.384000000000015
1607.636,0.932000000000016
1608.564,0.928000000000111
1609.448,0.884000000000015
1610.332,0.884000000000015
1610.692,0.3599999999999
1611.224,0.531999999999925
1611.504,0.279999999999973
1612.952,1.44800000000009
1613.448,0.496000000000095
1613.768,0.319999999999936
1614.548,0.779999999999973
1614.872,0.324000000000069
1615.308,0.435999999999922
1616.096,0.788000000000011
1616.9,0.804000000000087
1617.744,0.843999999999824
1618.628,0.884000000000015
1619.216,0.587999999999965
1620.012,0.796000000000049
1620.404,0.392000000000053
1621.28,0.875999999999976
1622.172,0.892000000000053
1623.072,0.899999999999864
1623.972,0.900000000000091
1624.856,0.884000000000015
1625.4,0.544000000000096
1625.748,0.347999999999956
1626.32,0.571999999999889
1626.596,0.276000000000067
1626.892,0.296000000000049
1627.228,0.336000000000013
1627.608,0.379999999999882
1628.044,0.436000000000149
1628.512,0.467999999999847
1628.808,0.296000000000049
1629.436,0.627999999999929
1629.936,0.5
1630.352,0.416000000000167
1630.944,0.591999999999871
1631.224,0.279999999999973
1631.744,0.519999999999982
1632.076,0.332000000000107
1632.44,0.364000000000033
1633.012,0.571999999999889
1633.976,0.964000000000169
1634.464,0.487999999999829
1634.76,0.296000000000049
1635.056,0.296000000000049
1635.62,0.563999999999851
1636.436,0.816000000000031
1636.828,0.392000000000053
1637.296,0.468000000000075
1638.16,0.864000000000033
1639.024,0.863999999999805
1639.608,0.58400000000006
1640,0.392000000000053
1640.724,0.723999999999933
1641.368,0.644000000000005
1641.736,0.368000000000166
1642.392,0.655999999999949
1643.232,0.839999999999918
1644.08,0.847999999999956
1644.932,0.852000000000089
1645.804,0.872000000000071
1646.676,0.871999999999844
1647.248,0.572000000000116
1648.392,1.14400000000001
1649.26,0.867999999999938
1650.1,0.839999999999918
1650.604,0.504000000000133
1650.96,0.355999999999995
1651.32,0.3599999999999
1651.816,0.496000000000095
1652.228,0.412000000000035
1653.204,0.975999999999885
1653.564,0.360000000000127
1654.3,0.735999999999876
1655.124,0.824000000000069
1655.928,0.804000000000087
1656.88,0.951999999999998
1657.252,0.371999999999844
1657.552,0.299999999999955
1658.396,0.844000000000051
1659.244,0.847999999999956
1660.372,1.12800000000016
1660.972,0.599999999999909
1661.84,0.867999999999938
1662.76,0.920000000000073
1663.156,0.395999999999958
1663.656,0.5
1665.044,1.38800000000015
1666.136,1.09199999999987
1667.096,0.960000000000036
1667.768,0.672000000000025
1668.044,0.276000000000067
1668.548,0.503999999999905
1669.3,0.751999999999953
1670.072,0.771999999999935
1670.84,0.768000000000029
1671.608,0.768000000000029
1672.392,0.784000000000106
1673.18,0.788000000000011
1674,0.819999999999936
1674.8,0.799999999999955
1675.608,0.807999999999993
1676.4,0.792000000000144
1677.628,1.22799999999984
1678.032,0.403999999999996
1678.848,0.816000000000031
1679.652,0.804000000000087
1680.44,0.788000000000011
1681.236,0.796000000000049
1681.524,0.287999999999784
1682.04,0.516000000000076
1682.828,0.788000000000011
1683.644,0.816000000000031
1683.896,0.251999999999953
1684.44,0.544000000000096
1685.22,0.779999999999973
1685.96,0.740000000000009
1686.824,0.864000000000033
1687.616,0.791999999999916
1688.412,0.796000000000049
1689.208,0.796000000000049
1689.996,0.788000000000011
1690.78,0.783999999999878
1691.548,0.768000000000029
1692.324,0.776000000000067
1693.1,0.77599999999984
1693.9,0.800000000000182
1694.704,0.80399999999986
1695.508,0.804000000000087
1696.308,0.799999999999955
1697.116,0.807999999999993
1697.928,0.812000000000126
1698.736,0.807999999999993
1699.544,0.807999999999993
1700.356,0.811999999999898
1701.168,0.811999999999898
1701.964,0.796000000000049
1702.804,0.840000000000146
1703.652,0.847999999999956
1704.484,0.83199999999988
1705.312,0.827999999999975
1706.172,0.860000000000127
1707.032,0.8599999999999
1707.536,0.504000000000133
1707.852,0.316000000000031
1708.692,0.839999999999918
1709.456,0.763999999999896
1710.364,0.908000000000129
1711.172,0.807999999999993
1712.256,1.08400000000006
1712.804,0.548000000000002
1713.272,0.467999999999847
1713.608,0.336000000000013
1713.912,0.304000000000087
1714.432,0.519999999999982
1714.932,0.5
1715.216,0.283999999999878
1716.028,0.812000000000126
1716.832,0.804000000000087
1717.632,0.799999999999955
1718.428,0.796000000000049
1719.212,0.783999999999878
1720.024,0.811999999999898
1720.832,0.80800000000022
1721.628,0.795999999999822
1722.432,0.804000000000087
1723.236,0.804000000000087
1724.028,0.791999999999916
1724.836,0.807999999999993
1725.22,0.384000000000015
1725.62,0.399999999999864
1726.048,0.428000000000111
1726.44,0.392000000000053
1727.26,0.819999999999936
1728.052,0.791999999999916
1728.868,0.816000000000031
1729.648,0.779999999999973
1730.424,0.776000000000067
1731.212,0.788000000000011
1731.976,0.764000000000124
1732.728,0.751999999999953
1733.476,0.748000000000047
1734.236,0.759999999999991
1734.988,0.751999999999953
1735.748,0.759999999999991
1736.504,0.755999999999858
1737.248,0.744000000000142
1737.996,0.748000000000047
1738.74,0.743999999999915
1739.48,0.740000000000009
1740.22,0.740000000000009
1740.984,0.763999999999896
1741.752,0.768000000000029
1742.528,0.776000000000067
1743.344,0.816000000000031
1744.14,0.796000000000049
1744.94,0.799999999999955
1745.76,0.819999999999936
1746.572,0.811999999999898
1747.392,0.820000000000164
1748.184,0.791999999999916
1748.972,0.788000000000011
1749.744,0.771999999999935
1750.548,0.804000000000087
1751.504,0.955999999999904
1752.16,0.656000000000176
1752.976,0.816000000000031
1753.784,0.807999999999993
1754.6,0.815999999999804
1755.44,0.840000000000146
1756.284,0.844000000000051
1757.128,0.843999999999824
1757.532,0.403999999999996
1757.976,0.444000000000187
1758.824,0.847999999999956
1759.676,0.851999999999862
1760.492,0.816000000000031
1761.332,0.840000000000146
1761.984,0.651999999999816
1762.724,0.740000000000009
1762.992,0.268000000000029
1763.808,0.816000000000031
1764.604,0.796000000000049
1765.376,0.771999999999935
1766.168,0.791999999999916
1766.94,0.772000000000162
1767.756,0.816000000000031
1768.548,0.791999999999916
1769.356,0.807999999999993
1770.148,0.791999999999916
1770.932,0.784000000000106
1771.688,0.756000000000085
1772.248,0.559999999999945
1772.616,0.367999999999938
1773.224,0.607999999999947
1774.008,0.784000000000106
1774.772,0.763999999999896
1775.564,0.792000000000144
1776.376,0.811999999999898
1776.644,0.268000000000029
1777.18,0.536000000000058
1777.984,0.80399999999986
1778.788,0.804000000000087
1779.568,0.779999999999973
1780.372,0.804000000000087
1781.184,0.811999999999898
1781.992,0.807999999999993
1782.796,0.804000000000087
1783.616,0.819999999999936
1786.128,2.51199999999994
1786.98,0.852000000000089
1787.816,0.836000000000013
1788.628,0.811999999999898
1789.116,0.488000000000056
1789.448,0.332000000000107
1790.268,0.819999999999936
1791.104,0.836000000000013
1791.94,0.836000000000013
1792.76,0.819999999999936
1793.552,0.791999999999916
1794.396,0.844000000000051
1795.484,1.08799999999997
1795.98,0.496000000000095
1796.784,0.804000000000087
1797.552,0.767999999999802
1798.372,0.820000000000164
1799.192,0.819999999999936
1800.032,0.839999999999918
1800.9,0.868000000000166
1801.7,0.799999999999955
1802.56,0.8599999999999
1803.404,0.844000000000051
1803.952,0.548000000000002
1804.248,0.296000000000049
1805.096,0.847999999999956
1805.92,0.824000000000069
1806.764,0.843999999999824
1807.572,0.807999999999993
1808.384,0.812000000000126
1808.704,0.319999999999936
1810.032,1.32799999999997
1810.864,0.832000000000107
1811.684,0.819999999999936
1812.508,0.824000000000069
1813.324,0.816000000000031
1813.816,0.491999999999962
1814.136,0.319999999999936
1814.944,0.807999999999993
1815.564,0.620000000000118
1815.912,0.347999999999956
1816.544,0.632000000000062
1817.352,0.807999999999993
1817.904,0.551999999999907
1818.168,0.263999999999896
1819,0.832000000000107
1819.828,0.827999999999975
1820.66,0.832000000000107
1821.484,0.823999999999842
1822.328,0.844000000000051
1823.176,0.847999999999956
1824.044,0.868000000000166
1824.916,0.871999999999844
1825.788,0.872000000000071
1826.7,0.912000000000035
1827.64,0.940000000000055
1828.572,0.931999999999789
1829.484,0.912000000000035
1830.364,0.880000000000109
1831.28,0.91599999999994
1832.2,0.920000000000073
1833.108,0.907999999999902
1834.02,0.912000000000035
1834.908,0.88799999999992
1835.808,0.900000000000091
1836.704,0.895999999999958
1837.576,0.872000000000071
1838.448,0.872000000000071
1838.832,0.384000000000015
1839.328,0.495999999999867
1840.204,0.875999999999976
1841.056,0.852000000000089
1841.908,0.851999999999862
1842.744,0.836000000000013
1843.576,0.832000000000107
1844.408,0.83199999999988
1845.224,0.816000000000031
1846.036,0.812000000000126
1846.864,0.827999999999975
1847.724,0.8599999999999
1848.584,0.860000000000127
1849.444,0.8599999999999
1850.284,0.840000000000146
1851.148,0.863999999999805
1852.024,0.875999999999976
1852.9,0.876000000000204
1853.764,0.863999999999805
1854.62,0.855999999999995
1855.444,0.824000000000069
1856.272,0.827999999999975
1856.536,0.264000000000124
1857.08,0.543999999999869
1857.584,0.504000000000133
1857.876,0.291999999999916
1858.648,0.771999999999935
1859.432,0.784000000000106
1860.216,0.783999999999878
1861.016,0.800000000000182
1861.328,0.311999999999898
1861.796,0.468000000000075
1862.576,0.779999999999973
1863.332,0.756000000000085
1864.092,0.759999999999991
1864.824,0.731999999999971
1865.156,0.33199999999988
1865.6,0.44399999999996
1866.364,0.764000000000124
1867.136,0.771999999999935
1867.924,0.788000000000011
1868.728,0.804000000000087
1869.524,0.795999999999822
1870.288,0.764000000000124
1870.62,0.33199999999988
1871.484,0.864000000000033
1871.876,0.392000000000053
1872.676,0.799999999999955
1874.528,1.85200000000009
1879.824,5.29600000000005
1880.368,0.543999999999869
1881.588,1.22000000000003
1882.404,0.816000000000031
1883.704,1.29999999999995
1884.784,1.08000000000015
1885.616,0.83199999999988
1886.404,0.788000000000011
1887.2,0.796000000000049
1888.76,1.55999999999995
1889.228,0.468000000000075
1890.344,1.11599999999999
1890.684,0.339999999999918
1891.364,0.680000000000064
1892.16,0.796000000000049
1892.728,0.567999999999984
1893.548,0.819999999999936
1894.008,0.460000000000036
1894.34,0.33199999999988
1895.144,0.804000000000087
1895.932,0.788000000000011
1896.196,0.263999999999896
1896.728,0.532000000000153
1897.048,0.319999999999936
1897.5,0.451999999999998
1897.784,0.284000000000106
1898.3,0.515999999999849
1898.776,0.476000000000113
1899.112,0.336000000000013
1899.424,0.311999999999898
1899.912,0.488000000000056
1900.696,0.783999999999878
1901.504,0.807999999999993
1902.292,0.788000000000011
1902.664,0.372000000000071
1903.076,0.412000000000035
1903.332,0.256000000000085
1903.852,0.519999999999982
1904.852,1
1906.188,1.33600000000001
1906.972,0.783999999999878
1907.748,0.776000000000067
1908.532,0.783999999999878
1908.932,0.400000000000091
1909.836,0.903999999999996
1910.876,1.03999999999996
1911.276,0.400000000000091
1911.652,0.375999999999976
1912.448,0.796000000000049
1913.244,0.795999999999822
1913.732,0.488000000000056
1914.804,1.07200000000012
1915.604,0.799999999999955
1915.868,0.263999999999896
1916.68,0.812000000000126
1917.188,0.508000000000038
1918.004,0.815999999999804
1918.804,0.800000000000182
1919.608,0.80399999999986
1920.416,0.807999999999993
1921.24,0.824000000000069
1922.056,0.816000000000031
1922.888,0.83199999999988
1923.732,0.844000000000051
1924.556,0.824000000000069
1925.42,0.864000000000033
1926.252,0.83199999999988
1927.076,0.824000000000069
1927.912,0.836000000000013
1928.724,0.811999999999898
1929.56,0.836000000000013
1930.4,0.840000000000146
1931.232,0.83199999999988
1932.064,0.832000000000107
1932.9,0.836000000000013
1933.708,0.807999999999993
1934.54,0.83199999999988
1935.376,0.836000000000013
1936.188,0.812000000000126
1937,0.811999999999898
1937.816,0.816000000000031
1938.64,0.824000000000069
1939.784,1.14400000000001
1940.24,0.455999999999904
1940.768,0.52800000000002
1941.04,0.271999999999935
1941.848,0.807999999999993
1942.668,0.819999999999936
1943.488,0.820000000000164
1944.3,0.811999999999898
1944.76,0.460000000000036
1945.1,0.339999999999918
1945.904,0.804000000000087
1946.708,0.804000000000087
1947.516,0.807999999999993
1948.316,0.799999999999955
1949.1,0.783999999999878
1949.892,0.792000000000144
1950.7,0.807999999999993
1951.068,0.367999999999938
1951.484,0.41599999999994
1952.408,0.923999999999978
1953.048,0.6400000000001
1953.48,0.432000000000016
1954.076,0.596000000000004
1954.648,0.571999999999889
1955.528,0.880000000000109
1956.996,1.46800000000007
1957.832,0.836000000000013
1958.092,0.259999999999991
1958.632,0.539999999999964
1959.42,0.788000000000011
1960.2,0.779999999999973
1960.996,0.796000000000049
1961.792,0.795999999999822
1962.576,0.784000000000106
1963.376,0.799999999999955
1964.172,0.796000000000049
1964.976,0.804000000000087
1965.78,0.80399999999986
1966.588,0.807999999999993
1967.388,0.799999999999955
1968.208,0.820000000000164
1969.04,0.83199999999988
1969.868,0.827999999999975
1970.708,0.840000000000146
1971.548,0.839999999999918
1972.396,0.847999999999956
1973.248,0.852000000000089
1974.104,0.855999999999995
1974.956,0.851999999999862
1975.816,0.860000000000127
1976.668,0.851999999999862
1977.512,0.844000000000051
1978.352,0.840000000000146
1979.184,0.83199999999988
1980.852,1.66800000000012
1981.664,0.811999999999898
1982.484,0.819999999999936
1983.304,0.820000000000164
1984.1,0.795999999999822
1984.908,0.807999999999993
1985.724,0.816000000000031
1986.528,0.804000000000087
1987.336,0.807999999999993
1988.148,0.811999999999898
1988.96,0.812000000000126
1989.772,0.811999999999898
1990.58,0.807999999999993
1991.364,0.784000000000106
1992.192,0.827999999999975
1993.008,0.816000000000031
1993.84,0.83199999999988
1994.668,0.827999999999975
1995.476,0.80800000000022
1996.3,0.823999999999842
1997.12,0.819999999999936
1997.944,0.824000000000069
1998.772,0.827999999999975
1999.608,0.836000000000013
2000.42,0.812000000000126
2001.24,0.819999999999936
2002.064,0.824000000000069
2002.888,0.823999999999842
2003.716,0.827999999999975
2004.54,0.824000000000069
2005.364,0.824000000000069
2006.184,0.819999999999936
2006.996,0.812000000000126
2007.796,0.799999999999955
2008.612,0.816000000000031
2009.424,0.811999999999898
2010.24,0.816000000000031
2011.044,0.804000000000087
2011.872,0.827999999999975
2012.704,0.83199999999988
2013.54,0.836000000000013
2014.388,0.847999999999956
2015.228,0.840000000000146
2016.072,0.843999999999824
2016.908,0.836000000000013
2017.732,0.824000000000069
2018.556,0.824000000000069
2019.4,0.844000000000051
2020.236,0.836000000000013
2021.052,0.815999999999804
2021.876,0.824000000000069
2022.712,0.836000000000013
2023.552,0.839999999999918
2024.388,0.836000000000013
2025.244,0.855999999999995
2026.108,0.864000000000033
2026.972,0.864000000000033
2027.848,0.875999999999976
2028.728,0.880000000000109
2029.192,0.463999999999942
2029.6,0.407999999999902
2030.696,1.096
2031.304,0.608000000000175
2032.152,0.847999999999956
2033,0.847999999999956
2033.848,0.847999999999956
2034.692,0.844000000000051
2035.528,0.836000000000013
2036.368,0.839999999999918
2037.216,0.847999999999956
2038.048,0.832000000000107
2038.868,0.819999999999936
2039.704,0.836000000000013
2040.536,0.832000000000107
2041.356,0.819999999999936
2042.18,0.824000000000069
2043.004,0.823999999999842
2043.836,0.832000000000107
2044.664,0.827999999999975
2045.492,0.827999999999975
2046.332,0.840000000000146
2047.176,0.843999999999824
2048.016,0.840000000000146
2048.828,0.811999999999898
2049.64,0.811999999999898
2050.448,0.807999999999993
2051.244,0.796000000000276
2052.048,0.803999999999633
2052.864,0.816000000000258
2053.688,0.824000000000069
2054.48,0.791999999999916
2055.292,0.811999999999898
2056.108,0.816000000000258
2056.916,0.807999999999993
2057.696,0.779999999999745
2058.496,0.800000000000182
2059.3,0.804000000000087
2060.108,0.807999999999993
2060.932,0.823999999999614
2061.744,0.812000000000353
2062.54,0.795999999999822
2063.348,0.807999999999993
2064.152,0.804000000000087
2064.94,0.788000000000011
2065.74,0.799999999999727
2066.532,0.792000000000371
2067.328,0.795999999999822
2068.104,0.77599999999984
2068.896,0.792000000000371
2069.692,0.795999999999822
2070.14,0.447999999999865
2070.488,0.347999999999956
2070.952,0.464000000000397
2071.268,0.315999999999804
2072.064,0.795999999999822
2072.86,0.796000000000276
2073.664,0.804000000000087
2074.148,0.483999999999924
2074.456,0.307999999999993
2075.224,0.768000000000029
2076.004,0.779999999999745
2076.776,0.771999999999935
2077.536,0.760000000000218
2078.296,0.759999999999764
2079.048,0.751999999999953
2079.796,0.748000000000047
2080.568,0.772000000000389
2081.34,0.771999999999935
2082.112,0.771999999999935
2082.88,0.768000000000029
2083.652,0.771999999999935
2084.444,0.791999999999916
2085.256,0.811999999999898
2086.072,0.816000000000258
2086.896,0.824000000000069
2087.712,0.815999999999804
2088.532,0.820000000000164
2089.356,0.824000000000069
2090.172,0.815999999999804
2090.996,0.824000000000069
2091.82,0.824000000000069
2092.644,0.823999999999614
2093.46,0.816000000000258
2094.292,0.83199999999988
2095.12,0.827999999999975
2095.956,0.83600000000024
2096.764,0.807999999999993
2097.592,0.827999999999975
2098.616,1.02399999999989
2099.24,0.623999999999796
2100.06,0.820000000000164
2101.372,1.3119999999999
2101.676,0.304000000000087
2102.496,0.820000000000164
2103.312,0.815999999999804
2104.136,0.824000000000069
2104.92,0.784000000000106
2105.732,0.811999999999898
2107.348,1.61599999999999
2107.66,0.311999999999898
2108.156,0.496000000000095
2108.544,0.38799999999992
2108.936,0.39200000000028
2109.74,0.803999999999633
2110.516,0.776000000000295
2111.108,0.592000000000098
2111.492,0.384000000000015
2112.136,0.643999999999778
2112.92,0.784000000000106
2113.7,0.779999999999745
2114.484,0.784000000000106
2115.272,0.788000000000011
2116.056,0.784000000000106
2116.34,0.284000000000106
2116.816,0.475999999999658
2117.584,0.768000000000029
2118.364,0.7800000000002
2119.14,0.77599999999984
2119.916,0.776000000000295
2120.68,0.763999999999669
2121.456,0.776000000000295
2122.232,0.77599999999984
2123.004,0.771999999999935
2123.788,0.784000000000106
2124.564,0.77599999999984
2125.356,0.792000000000371
2126.12,0.763999999999669
2126.892,0.771999999999935
2127.672,0.7800000000002
2128.44,0.768000000000029
2129.216,0.77599999999984
2129.98,0.764000000000124
2130.744,0.764000000000124
2131.492,0.748000000000047
2132.256,0.763999999999669
2133.02,0.764000000000124
2133.772,0.751999999999953
2134.528,0.755999999999858
2135.268,0.740000000000236
2136.04,0.771999999999935
2136.804,0.764000000000124
2137.56,0.755999999999858
2138.296,0.735999999999876
2139.056,0.760000000000218
2139.792,0.735999999999876
2140.528,0.735999999999876
2141.268,0.740000000000236
2142,0.731999999999971
2142.74,0.739999999999782
2143.484,0.744000000000142
2144.224,0.740000000000236
2144.976,0.751999999999953
2145.732,0.755999999999858
2146.48,0.748000000000047
2147.252,0.771999999999935
2148.048,0.795999999999822
2148.832,0.784000000000106
2149.612,0.7800000000002
2150.4,0.788000000000011
2151.212,0.811999999999898
2152.016,0.804000000000087
2152.836,0.819999999999709
2153.648,0.812000000000353
2154.464,0.815999999999804
2155.264,0.800000000000182
2156.088,0.824000000000069
2156.908,0.819999999999709
2157.712,0.804000000000087
2158.516,0.804000000000087
2159.328,0.811999999999898
2160.112,0.784000000000106
2160.904,0.791999999999916
2161.704,0.800000000000182
2162.7,0.99599999999964
2163.276,0.576000000000022
2163.672,0.396000000000186
2164.064,0.391999999999825
2164.832,0.768000000000029
2165.2,0.367999999999938
2165.62,0.420000000000073
2165.948,0.327999999999975
2166.408,0.460000000000036
2166.78,0.372000000000298
2167.188,0.407999999999902
2167.692,0.503999999999905
2167.96,0.268000000000029
2168.74,0.779999999999745
2169.504,0.764000000000124
2170.336,0.83199999999988
2170.856,0.520000000000437
2171.132,0.27599999999984
2171.936,0.804000000000087
2172.764,0.827999999999975
2173.584,0.819999999999709
2174.392,0.807999999999993
2175.212,0.820000000000164
2176.032,0.820000000000164
2176.848,0.815999999999804
2177.64,0.791999999999916
2178.456,0.816000000000258
2179.224,0.768000000000029
2180.028,0.803999999999633
2180.82,0.792000000000371
2181.596,0.77599999999984
2182.38,0.784000000000106
2183.176,0.795999999999822
2183.972,0.796000000000276
2184.756,0.783999999999651
2185.548,0.791999999999916
2186.348,0.800000000000182
2187.136,0.788000000000011
2187.924,0.788000000000011
2188.72,0.795999999999822
2189.516,0.796000000000276
2190.28,0.764000000000124
2190.712,0.431999999999789
2190.98,0.268000000000029
2191.836,0.855999999999767
2192.608,0.772000000000389
2193.304,0.695999999999913
2194.124,0.819999999999709
2194.88,0.756000000000313
2195.652,0.771999999999935
2196.416,0.764000000000124
2197.148,0.731999999999971
2197.884,0.735999999999876
2198.628,0.744000000000142
2199.376,0.748000000000047
2200.124,0.747999999999593
2200.856,0.732000000000426
2201.608,0.751999999999953
2202.356,0.748000000000047
2203.12,0.763999999999669
2203.892,0.771999999999935
2204.672,0.7800000000002
2205.432,0.759999999999764
2206.216,0.784000000000106
2207,0.784000000000106
2207.776,0.77599999999984
2208.584,0.807999999999993
2209.384,0.800000000000182
2210.2,0.815999999999804
2211.004,0.804000000000087
2211.816,0.811999999999898
2212.632,0.816000000000258
2213.46,0.827999999999975
2214.28,0.820000000000164
2215.096,0.815999999999804
2215.924,0.827999999999975
2216.764,0.840000000000146
2217.584,0.819999999999709
2218.408,0.824000000000069
2219.224,0.816000000000258
2220.024,0.799999999999727
2220.8,0.776000000000295
2221.588,0.788000000000011
2222.384,0.795999999999822
2223.196,0.811999999999898
2224.008,0.811999999999898
2224.804,0.796000000000276
2225.624,0.819999999999709
2226.448,0.824000000000069
2227.26,0.812000000000353
2228.084,0.823999999999614
2228.892,0.807999999999993
2229.716,0.824000000000069
2230.54,0.824000000000069
2231.364,0.824000000000069
2232.16,0.795999999999822
2232.976,0.816000000000258
2233.788,0.811999999999898
2234.6,0.811999999999898
2235.404,0.804000000000087
2236.192,0.788000000000011
2236.98,0.788000000000011
2237.76,0.7800000000002
2238.548,0.787999999999556
2239.352,0.804000000000087
2240.16,0.807999999999993
2240.96,0.800000000000182
2241.768,0.807999999999993
2242.592,0.824000000000069
2243.408,0.815999999999804
2244.224,0.816000000000258
2245.04,0.815999999999804
2245.844,0.804000000000087
2246.652,0.807999999999993
2247.464,0.811999999999898
2247.916,0.452000000000226
2248.28,0.364000000000033
2249.076,0.795999999999822
2249.892,0.815999999999804
